tract,manhole,parcel,severity,cp_din,cp_dout,cp_fpipe,cp_cross,x,y,decision,comment
Tract 20.23,02201,135716,review_required,0.0,0.0,28316,1,2013958.05,789404.05,,
Tract 20.23,02201,143642,warning,18.2,38.3,65246,0,2015042.27,788149.85,,
Tract 20.23,02201,144214,review_required,30.9,4.9,26089,0,2018415.52,790688.19,,
Tract 20.23,02201,144215,warning,19.9,27.1,26089,0,2018501.82,790662.69,,
Tract 20.23,02201,144218,review_required,0.0,0.0,26089,1,2018739.31,790617.94,,
Tract 20.23,02201,144333,review_required,0.0,0.0,53831,1,2017781.93,791143.41,,
Tract 20.23,02201,149517,warning,0.0,29.0,59285,0,2018805.75,787052.72,,
Tract 20.23,02201,149520,review_required,19.9,0.0,59285,1,2018499.19,786641.45,,
Tract 20.23,02201,149676,review_required,0.0,0.0,26807,1,2017907.92,786021.29,,
Tract 20.23,02201,149677,review_required,32.9,5.6,26818,0,2017008.33,786155.49,,
Tract 20.23,02201,178136,review_required,0.0,0.0,28418,1,2015553.14,786770.81,,
Tract 20.23,02201,237706,warning,0.0,30.3,65249,0,2015344.48,787911.13,,
Tract 20.20,03442,143372,warning,0.0,22.3,31146,0,2013113.61,778760.69,,
Tract 20.20,03442,143373,warning,0.0,43.9,50084,0,2012643.77,778654.94,,
Tract 20.20,03442,143375,review_required,0.0,0.0,50084,1,2012710.21,778726.5,,
Tract 20.20,03442,143586,warning,0.0,23.0,52272,0,2012255.95,785010.98,,
Tract 20.20,03442,149664,review_required,0.0,0.0,26807,1,2016419.47,784081.56,,
Tract 20.20,03442,149677,warning,5.6,32.9,26792,0,2017008.33,786155.49,,
Tract 20.20,03442,150278,review_required,0.0,0.0,56137,1,2017410.61,778415.32,,
Tract 20.20,03442,150430,warning,11.5,38.7,31157,0,2014676.9,777481.99,,
Tract 20.20,03442,150570,review_required,39.8,11.6,31157,0,2014757.83,777702.19,,
Tract 20.20,03442,150571,warning,11.5,11.5,31157,0,2014807.92,777646.37,,
Tract 20.20,03442,150579,warning,1.6,18.7,31157,0,2014954.66,777721.91,,
Tract 20.20,03442,150580,warning,12.0,18.6,31157,0,2014885.94,777801.3,,
Tract 20.20,03442,150581,warning,11.8,18.6,31157,0,2014831.31,777859.76,,
Tract 20.20,03442,150609,warning,0.0,18.7,31157,0,2015224.36,777693.48,,
Tract 20.20,03442,178136,review_required,0.0,0.0,28427,1,2015553.14,786770.81,,
Tract 20.20,03442,223914,warning,5.0,32.9,61933,0,2013483.69,774392.22,,
Tract 20.20,03442,223915,warning,0.0,14.5,61915,0,2012215.14,774836.5,,
Tract 20.20,03442,223939,warning,24.0,46.2,61912,0,2012610.61,774550.3,,
Tract 20.20,03442,223944,warning,0.0,33.0,61933,0,2013212.24,774461.72,,
Tract 20.20,03442,223956,warning,20.3,36.0,61940,0,2013823.57,774824.42,,
Tract 20.20,03442,228855,warning,4.2,33.4,61912,0,2013079.03,774539.32,,
Tract 20.20,03442,228864,review_required,46.4,33.3,61933,0,2013369.13,774352.1,,
Tract 20.20,03442,228865,warning,14.5,33.1,61933,0,2013396.01,774369.47,,
Tract 7,09289,103406,review_required,41.0,23.7,18044,0,2020330.95,812743.34,,
Tract 7,09289,103416,review_required,42.5,31.1,18044,0,2020343.7,812585.68,,
Tract 7,09289,104292,warning,0.0,25.3,17076,0,2021360.13,813097.87,,
Tract 7,09289,104299,warning,18.6,26.2,17076,0,2020894.26,813237.75,,
Tract 7,09289,104301,warning,0.0,24.2,17956,0,2020934.21,813052.03,,
Tract 7,09289,104311,review_required,31.9,27.5,17075,0,2020670.98,812948.0,,
Tract 7,09289,104337,review_required,30.0,27.8,17074,0,2022017.26,813993.95,,
Tract 7,09289,104533,warning,26.6,46.9,50360,0,2019729.99,811184.72,,
Tract 7,09289,104534,warning,24.0,35.7,50360,0,2019768.43,811210.34,,
Tract 7,09289,104535,warning,0.0,22.6,21011,0,2019832.06,811180.12,,
Tract 7,09289,104536,warning,0.0,23.9,50360,0,2019789.22,811146.47,,
Tract 7,09289,104537,warning,15.2,22.3,21011,0,2019882.25,811152.01,,
Tract 7,09289,104539,review_required,35.4,24.8,21011,0,2020019.56,811171.06,,
Tract 7,09289,104540,warning,25.1,37.2,21011,0,2020081.94,811168.0,,
Tract 7,09289,104733,warning,24.2,24.4,19015,0,2019795.2,810783.81,,
Tract 7,09289,104741,warning,24.4,24.9,21011,0,2020028.11,810977.71,,
Tract 7,09289,104745,review_required,41.7,24.3,19015,0,2019700.07,810809.97,,
Tract 7,09289,104746,warning,20.3,48.0,50360,0,2019701.65,810969.43,,
Tract 7,09289,104747,warning,22.4,24.3,19015,0,2019750.1,810967.74,,
Tract 7,09289,106957,warning,18.1,48.7,19206,0,2022033.15,807526.5,,
Tract 7,09289,106982,warning,29.9,33.0,19476,0,2023488.68,807630.28,,
Tract 7,09289,107157,warning,10.7,48.6,19476,0,2023630.54,807216.78,,
Tract 7,09289,107158,review_required,14.2,9.6,19476,0,2023588.45,807193.19,,
Tract 7,09289,107189,warning,21.6,24.9,19723,0,2023032.45,806729.35,,
Tract 7,09289,107196,review_required,0.0,0.0,19515,1,2025210.72,807354.02,,
Tract 7,09289,107395,review_required,0.0,0.0,19516,1,2025566.35,808379.59,,
Tract 7,09289,107398,review_required,45.0,9.0,18703,0,2025188.28,808239.5,,
Tract 7,09289,107472,review_required,43.7,17.6,18433,0,2024950.42,809334.0,,
Tract 7,09289,107501,review_required,48.0,30.2,18433,0,2024851.03,809519.13,,
Tract 7,09289,107593,review_required,37.8,24.5,21066,0,2023802.04,810287.44,,
Tract 7,09289,107695,warning,28.9,48.2,18756,0,2023338.23,811330.28,,
Tract 7,09289,107698,warning,6.3,38.2,18757,0,2023461.15,811811.57,,
Tract 7,09289,107815,warning,12.1,20.8,17073,0,2022469.46,812900.38,,
Tract 7,09289,107866,review_required,30.9,28.9,17983,0,2022755.83,812448.53,,
Tract 7,09289,107871,review_required,47.5,24.9,17979,0,2022599.02,812687.18,,
Tract 7,09289,107876,warning,29.3,30.3,17983,0,2022964.15,812439.28,,
Tract 7,09289,108016,warning,30.0,30.3,17852,0,2022140.01,813979.28,,
Tract 7,09289,115588,warning,21.1,24.1,18756,0,2023723.84,811280.65,,
Tract 7,09289,115590,review_required,31.1,31.0,18809,0,2023678.0,810769.43,,
Tract 7,09289,115594,warning,28.0,38.8,18809,0,2023796.98,810484.11,,
Tract 7,09289,116511,review_required,47.5,42.9,19002,0,2018598.9,809984.19,,
Tract 7,09289,116622,review_required,16.8,7.1,19037,0,2018354.49,810822.76,,
Tract 7,09289,116635,review_required,38.1,0.0,41009,1,2019071.43,811291.26,,
Tract 7,09289,116659,review_required,48.2,0.0,41011,1,2019096.0,811474.24,,
Tract 7,09289,116660,review_required,49.0,0.0,41011,1,2019124.03,811562.78,,
Tract 7,09289,121933,warning,7.7,15.0,18995,0,2018761.22,809059.66,,
Tract 7,09289,121960,warning,0.0,25.3,19071,0,2019450.83,808932.17,,
Tract 7,09289,122212,warning,23.5,43.5,19782,0,2023401.81,806103.53,,
Tract 7,09289,122285,warning,44.8,48.0,19782,0,2023601.4,805974.37,,
Tract 7,09289,237955,warning,23.9,44.4,17073,0,2022482.22,812760.25,,
Tract 14,11069,116991,review_required,35.8,0.0,17125,1,2030337.89,809641.2,,
Tract 14,11069,116992,review_required,44.7,0.0,62484,1,2031129.3,809259.9,,
Tract 14,11069,116994,review_required,42.4,0.0,18352,1,2030928.42,808963.7,,
Tract 14,11069,117488,review_required,23.3,18.9,18251,0,2031644.78,810591.4,,
Tract 14,11069,117493,review_required,42.7,18.2,18398,0,2031710.13,810856.73,,
Tract 14,11069,117568,warning,23.0,24.9,18252,0,2031573.69,810364.87,,
Tract 14,11069,117569,warning,22.2,31.0,18251,0,2031607.99,810475.43,,
Tract 14,11069,117734,review_required,7.1,0.0,19024,1,2031252.04,807835.06,,
Tract 14,11069,117949,warning,11.2,25.4,17327,0,2032288.22,811692.02,,
Tract 14,11069,117950,warning,14.3,25.0,17327,0,2032275.25,811578.41,,
Tract 14,11069,117956,review_required,16.7,16.4,16221,0,2032342.99,811409.25,,
Tract 14,11069,117959,warning,22.8,45.3,16221,0,2032477.12,811423.91,,
Tract 14,11069,117961,review_required,26.6,20.5,16221,0,2032459.25,811377.21,,
Tract 14,11069,117963,review_required,38.4,24.8,16221,0,2032425.24,811289.73,,
Tract 14,11069,117964,warning,25.5,31.3,16221,0,2032429.4,811262.13,,
Tract 14,11069,118030,warning,20.0,20.9,16222,0,2032286.95,811234.99,,
Tract 14,11069,132579,review_required,35.0,33.9,16659,0,2032480.38,807134.9,,
Tract 14,11069,132596,warning,15.0,16.0,16659,0,2032257.33,807026.97,,
Tract 14,11069,132612,warning,11.4,44.5,19019,0,2031980.48,807985.5,,
Tract 14,11069,132884,review_required,43.2,38.6,16778,0,2033030.87,805715.69,,
Tract 14,11069,132888,warning,25.4,39.6,16778,0,2033193.26,805499.12,,
Tract 14,11069,132889,warning,10.4,42.8,16778,0,2033207.17,805450.41,,
Tract 14,11069,132909,warning,44.4,45.2,16847,0,2032958.84,805866.84,,
Tract 14,11069,132947,review_required,49.7,41.6,16778,0,2033052.14,805274.49,,
Tract 14,11069,132948,review_required,46.8,16.7,16778,0,2033011.3,805317.12,,
Tract 14,11069,132952,review_required,32.7,0.0,31815,1,2033307.16,804098.29,,
Tract 14,11069,156589,review_required,30.7,21.8,16939,0,2037800.8,803980.81,,
Tract 14,11069,156790,review_required,0.0,0.0,51534,1,2039083.66,805753.59,,
Tract 14,11069,156871,review_required,38.3,5.6,16942,0,2037420.99,803507.79,,
Tract 14,11069,218141,warning,4.8,7.2,17228,0,2033518.31,812729.82,,
Tract 14,11069,218535,warning,19.9,21.6,16134,0,2039499.22,808820.86,,
Tract 14,11069,226403,review_required,0.0,0.0,60076,1,2037538.76,806115.94,,
Tract 14,11069,226404,review_required,0.0,0.0,60075,1,2037763.49,807118.68,,
Tract 14,11069,226405,warning,0.0,42.1,60075,0,2037831.44,807509.27,,
Tract 14,11069,232395,review_required,29.5,20.4,19020,0,2031731.88,807960.26,,
Tract 14,11069,235314,review_required,31.1,0.0,62952,1,2031295.65,810186.14,,
Tract 18.02,17506,130556,warning,0.0,37.0,16095,0,2041601.98,811032.66,,
Tract 18.02,17506,130848,review_required,31.1,11.1,16109,0,2039527.35,809103.72,,
Tract 18.02,17506,130865,warning,38.0,44.1,16109,0,2039614.57,808992.44,,
Tract 18.02,17506,130870,warning,18.2,37.4,17333,0,2039832.82,809053.5,,
Tract 18.02,17506,130871,review_required,18.2,16.6,17336,0,2039844.98,809099.81,,
Tract 18.02,17506,130872,review_required,37.9,15.3,17336,0,2039855.02,809138.15,,
Tract 18.02,17506,130889,review_required,33.4,14.7,17336,0,2039996.74,809162.75,,
Tract 18.02,17506,130897,warning,11.7,14.3,17333,0,2039999.57,808976.47,,
Tract 18.02,17506,130908,review_required,33.8,17.1,17333,0,2040189.53,808908.84,,
Tract 18.02,17506,130923,review_required,17.2,11.6,16030,0,2040522.3,808862.87,,
Tract 18.02,17506,130957,warning,14.3,25.6,15995,0,2040934.51,809794.72,,
Tract 18.02,17506,130990,review_required,36.4,25.7,15995,0,2040980.12,809592.0,,
Tract 18.02,17506,130991,review_required,37.7,24.1,15995,0,2040930.12,809591.59,,
Tract 18.02,17506,131011,warning,14.1,36.1,16030,0,2040617.16,808806.03,,
Tract 18.02,17506,131368,review_required,41.0,8.6,15020,0,2043659.93,815599.97,,
Tract 18.02,17506,131404,review_required,32.7,8.0,15022,0,2043676.68,815052.84,,
Tract 18.02,17506,131628,review_required,4.8,0.0,14913,1,2044233.82,814865.66,,
Tract 18.02,17506,131629,review_required,37.1,0.0,14913,1,2044331.16,814843.62,,
Tract 18.02,17506,131633,warning,3.4,9.4,14901,0,2045258.58,814539.15,,
Tract 18.02,17506,131634,warning,3.6,9.8,14901,0,2045005.8,814621.22,,
Tract 18.02,17506,132194,warning,0.0,21.3,14960,0,2046518.08,811841.75,,
Tract 18.02,17506,132204,warning,3.2,13.4,14901,0,2045337.14,814514.84,,
Tract 18.02,17506,132214,warning,32.3,32.6,14881,0,2047096.31,814110.59,,
Tract 18.02,17506,158912,review_required,47.3,0.0,14989,1,2047108.64,812144.43,,
Tract 18.02,17506,218535,review_required,21.6,19.9,16115,0,2039499.22,808820.86,,
Tract 18.02,17506,225835,review_required,2.4,0.0,14868,1,2045706.94,815234.89,,
Tract 18.06,17863,167458,review_required,49.5,9.9,07712,0,2056958.62,817999.47,,
Tract 18.06,17863,169853,review_required,49.9,0.7,64954,0,2058756.49,822941.09,,
Tract 18.06,17863,169888,warning,41.8,41.8,05979,0,2059435.15,820326.53,,
Tract 18.06,17863,169889,review_required,0.0,0.0,05979,1,2059330.44,820500.38,,
Tract 18.06,17863,169898,warning,4.1,7.6,64955,0,2058753.25,822647.48,,
Tract 18.06,17863,222685,warning,0.0,27.3,60554,0,2052554.11,818734.63,,
Tract 18.06,17863,222705,review_required,28.1,20.7,60553,0,2052993.34,818095.82,,
Tract 18.06,17863,222706,review_required,32.6,29.0,60553,0,2052991.53,818253.64,,
Tract 18.06,17863,222708,review_required,37.9,29.6,60553,0,2052907.7,818258.47,,
Tract 18.06,17863,226431,warning,28.9,35.7,60553,0,2053032.26,818254.95,,
Tract 18.06,17863,226523,warning,21.1,27.2,60553,0,2053033.82,818097.15,,
Tract 18.06,17863,227371,warning,19.9,29.4,60554,0,2052780.69,818261.1,,
Tract 3.02,21349,100000,review_required,0.0,0.0,10236,1,2024827.97,821124.0,,
Tract 3.02,21349,102235,review_required,32.2,29.9,11966,0,2026412.22,823655.28,,
Tract 3.02,21349,102268,warning,28.4,43.8,12258,0,2026045.79,822548.34,,
Tract 3.02,21349,102275,review_required,29.8,29.0,12252,0,2026211.16,822984.28,,
Tract 3.02,21349,102333,warning,24.1,30.1,11972,0,2026437.8,823316.18,,
Tract 3.02,21349,102367,review_required,32.8,30.0,11291,0,2026459.35,824479.66,,
Tract 3.02,21349,102373,review_required,46.0,24.4,11383,0,2026650.84,824683.59,,
Tract 3.02,21349,102384,review_required,48.2,27.4,11383,0,2026855.52,824664.35,,
Tract 3.02,21349,102394,warning,25.0,39.4,31644,0,2027014.83,824733.5,,
Tract 3.02,21349,102440,warning,29.9,33.0,11060,0,2028028.81,825006.52,,
Tract 3.02,21349,102453,review_required,32.1,25.6,11132,0,2028275.08,824942.44,,
Tract 3.02,21349,102542,warning,30.1,34.5,62798,0,2026483.08,824267.56,,
Tract 3.02,21349,102548,review_required,39.2,31.5,13167,0,2026415.31,823820.63,,
Tract 3.02,21349,102762,review_required,22.1,21.6,12814,0,2029447.49,817274.72,,
Tract 3.02,21349,102765,review_required,24.2,7.5,57000,0,2029225.35,817358.79,,
Tract 3.02,21349,102774,warning,23.8,38.7,35082,0,2029339.84,817329.44,,
Tract 3.02,21349,102775,warning,23.4,38.7,35082,0,2029344.28,817291.12,,
Tract 3.02,21349,102778,review_required,28.7,18.3,12815,0,2029445.03,817439.93,,
Tract 3.02,21349,102785,review_required,20.4,7.7,12819,0,2029282.8,817697.55,,
Tract 3.02,21349,102787,review_required,25.7,9.4,12819,0,2029323.94,817534.92,,
Tract 3.02,21349,102788,review_required,26.5,9.4,12819,0,2029364.14,817531.38,,
Tract 3.02,21349,102789,warning,27.4,40.7,12819,0,2029380.96,817451.81,,
Tract 3.02,21349,102791,warning,28.2,44.5,12819,0,2029417.2,817449.51,,
Tract 3.02,21349,102792,review_required,34.1,21.7,12815,0,2029529.94,817414.16,,
Tract 3.02,21349,102794,review_required,20.6,17.4,12815,0,2029548.35,817704.15,,
Tract 3.02,21349,102796,warning,24.8,29.3,12901,0,2029780.89,817063.19,,
Tract 3.02,21349,102797,warning,24.8,29.3,12901,0,2029780.89,817063.19,,
Tract 3.02,21349,102798,warning,24.8,29.3,12901,0,2029780.89,817063.19,,
Tract 3.02,21349,102799,warning,24.5,29.5,12901,0,2029710.57,817068.73,,
Tract 3.02,21349,102811,warning,22.7,34.1,12814,0,2029552.82,817213.22,,
Tract 3.02,21349,102812,warning,22.7,34.1,12814,0,2029552.82,817213.22,,
Tract 3.02,21349,102813,warning,22.7,34.1,12814,0,2029552.82,817213.22,,
Tract 3.02,21349,102814,warning,22.7,34.1,12814,0,2029552.82,817213.22,,
Tract 3.02,21349,102815,warning,22.7,34.1,12814,0,2029552.82,817213.22,,
Tract 3.02,21349,102816,warning,22.7,34.1,12814,0,2029552.82,817213.22,,
Tract 3.02,21349,102817,warning,22.7,34.1,12814,0,2029552.82,817213.22,,
Tract 3.02,21349,102818,warning,22.7,34.1,12814,0,2029552.82,817213.22,,
Tract 3.02,21349,102819,warning,22.7,34.1,12814,0,2029552.82,817213.22,,
Tract 3.02,21349,102950,warning,26.5,27.7,12813,0,2029653.66,817336.66,,
Tract 3.02,21349,102957,warning,25.0,27.1,12811,0,2029836.67,817133.34,,
Tract 3.02,21349,102973,warning,0.0,24.4,12820,0,2029669.3,817682.56,,
Tract 3.02,21349,102974,warning,22.8,27.8,12820,0,2029654.77,817857.66,,
Tract 3.02,21349,102982,review_required,23.6,22.9,12906,0,2029797.66,818044.65,,
Tract 3.02,21349,103001,warning,12.1,21.8,54933,0,2029962.62,818239.87,,
Tract 3.02,21349,103006,warning,31.0,31.0,35304,0,2029297.09,817887.12,,
Tract 3.02,21349,103007,review_required,43.9,31.2,35304,0,2029351.1,817889.22,,
Tract 3.02,21349,103008,warning,24.4,36.1,35304,0,2029476.91,817889.37,,
Tract 3.02,21349,103058,warning,15.4,29.6,12914,0,2028944.46,817311.8,,
Tract 3.02,21349,103113,warning,20.9,45.2,53467,0,2027720.77,818036.98,,
Tract 3.02,21349,103114,review_required,20.4,18.8,13830,0,2027912.99,817973.13,,
Tract 3.02,21349,103189,review_required,6.3,0.0,12975,1,2025189.86,819662.89,,
Tract 3.02,21349,103266,review_required,0.0,0.0,12973,1,2024743.5,819694.16,,
Tract 3.02,21349,103271,warning,21.0,30.8,35089,0,2025229.35,817874.99,,
Tract 3.02,21349,103274,warning,0.0,32.1,35089,0,2025557.95,818243.75,,
Tract 3.02,21349,103287,warning,25.8,35.3,12129,0,2026492.13,817885.78,,
Tract 3.02,21349,103293,warning,20.4,35.0,12134,0,2026752.69,817928.0,,
Tract 3.02,21349,103336,warning,24.3,34.1,12121,0,2027098.29,817934.88,,
Tract 3.02,21349,104897,warning,0.0,20.9,12690,0,2030349.52,819399.76,,
Tract 3.02,21349,104899,warning,22.4,23.7,12690,0,2030548.7,819393.81,,
Tract 3.02,21349,104904,warning,21.3,23.1,12683,0,2030727.42,819334.05,,
Tract 3.02,21349,104915,warning,20.1,40.8,64808,0,2029731.95,819501.9,,
Tract 3.02,21349,104930,review_required,20.0,0.8,64808,0,2029901.19,819529.34,,
Tract 3.02,21349,104973,warning,18.6,23.2,34616,0,2030143.61,818336.62,,
Tract 3.02,21349,104974,warning,18.0,23.2,34616,0,2030152.5,818411.23,,
Tract 3.02,21349,104979,review_required,27.6,22.3,56845,0,2030426.7,818774.36,,
Tract 3.02,21349,105484,warning,22.2,40.6,11712,0,2030679.37,823274.04,,
Tract 3.02,21349,105775,warning,29.2,29.6,11711,0,2030341.63,823668.44,,
Tract 3.02,21349,105783,review_required,20.7,0.0,11112,1,2029609.18,824940.09,,
Tract 3.02,21349,105784,review_required,0.0,0.0,11112,1,2029632.84,824864.88,,
Tract 3.02,21349,105785,warning,0.0,29.6,11112,0,2029613.43,824813.97,,
Tract 3.02,21349,105787,warning,45.5,45.8,11112,0,2029643.09,824671.28,,
Tract 3.02,21349,105790,warning,36.7,39.4,11137,0,2029831.76,824368.75,,
Tract 3.02,21349,105794,warning,24.1,29.8,11141,0,2028770.3,824944.39,,
Tract 3.02,21349,105824,review_required,27.0,24.0,11132,0,2028373.75,824933.31,,
Tract 3.02,21349,105834,warning,25.1,37.8,11061,0,2028653.44,824925.12,,
Tract 3.02,21349,105915,review_required,30.0,29.5,13825,0,2029798.64,824012.44,,
Tract 3.02,21349,105916,warning,18.3,30.1,13825,0,2029801.34,824129.65,,
Tract 3.02,21349,106011,review_required,46.0,0.0,11225,1,2027561.56,825312.34,,
Tract 3.02,21349,106017,review_required,48.0,7.1,11226,0,2027847.32,825242.94,,
Tract 3.02,21349,109304,warning,34.0,47.0,11948,0,2031341.78,822776.65,,
Tract 3.02,21349,109308,review_required,29.1,17.2,11738,0,2031529.04,822537.16,,
Tract 3.02,21349,109340,warning,30.0,45.7,11948,0,2031102.56,822752.09,,
Tract 3.02,21349,109368,review_required,24.6,16.4,11737,0,2031488.66,822392.08,,
Tract 3.02,21349,110053,warning,23.0,27.6,51969,0,2031094.24,820384.72,,
Tract 3.02,21349,110054,warning,23.0,27.6,51969,0,2031094.24,820384.72,,
Tract 3.02,21349,110055,warning,23.0,27.6,51969,0,2031094.24,820384.72,,
Tract 3.02,21349,110056,warning,23.0,27.6,51969,0,2031094.24,820384.72,,
Tract 3.02,21349,110057,warning,23.0,27.6,51969,0,2031094.24,820384.72,,
Tract 3.02,21349,110070,review_required,41.2,28.1,11839,0,2031188.26,820787.03,,
Tract 3.02,21349,110171,warning,23.0,26.9,51969,0,2031073.36,820229.59,,
Tract 3.02,21349,110184,warning,16.8,30.0,12919,0,2030870.74,819467.9,,
Tract 3.02,21349,110185,warning,20.0,30.9,12919,0,2030866.18,819545.23,,
Tract 3.02,21349,110189,warning,19.8,29.4,13834,0,2030915.61,819917.85,,
Tract 3.02,21349,113949,warning,10.7,33.3,13303,0,2024786.73,818054.97,,
Tract 3.02,21349,113960,warning,6.7,26.7,13303,0,2024784.88,817889.6,,
Tract 3.02,21349,113965,warning,1.3,28.1,35268,0,2024931.3,817838.66,,
Tract 3.02,21349,113966,warning,12.2,27.3,35268,0,2025057.1,817877.84,,
Tract 3.02,21349,113967,review_required,30.1,26.5,35268,0,2025075.91,817807.34,,
Tract 3.02,21349,203418,review_required,28.7,18.3,12815,0,2029445.03,817439.93,,
Tract 3.02,21349,203419,review_required,28.7,18.3,12815,0,2029445.03,817439.93,,
Tract 3.02,21349,203420,review_required,28.7,18.3,12815,0,2029445.03,817439.93,,
Tract 3.02,21349,205627,warning,29.7,33.1,11060,0,2028035.84,824977.14,,
Tract 3.02,21349,221306,warning,20.7,45.2,53467,0,2027853.98,817973.74,,
Tract 3.02,21349,225827,review_required,24.2,7.5,57000,0,2029225.35,817358.79,,
Tract 3.02,21349,225828,review_required,24.2,7.5,57000,0,2029225.35,817358.79,,
Tract 3.02,21349,225829,review_required,24.2,7.5,57000,0,2029225.35,817358.79,,
Tract 3.02,21349,225830,review_required,24.2,7.5,57000,0,2029225.35,817358.79,,
Tract 3.02,21349,225831,review_required,24.2,7.5,57000,0,2029225.35,817358.79,,
Tract 3.02,21349,225832,review_required,24.2,7.5,57000,0,2029225.35,817358.79,,
Tract 3.02,21349,225833,review_required,24.2,7.5,57000,0,2029225.35,817358.79,,
Tract 3.02,21349,225834,review_required,24.2,7.5,57000,0,2029225.35,817358.79,,
Tract 3.02,21349,225836,review_required,24.2,7.5,57000,0,2029225.35,817358.79,,
Tract 3.02,21349,225837,review_required,24.2,7.5,57000,0,2029225.35,817358.79,,
Tract 3.02,21349,225838,review_required,24.2,7.5,57000,0,2029225.35,817358.79,,
Tract 3.02,21349,225839,review_required,24.2,7.5,57000,0,2029225.35,817358.79,,
Tract 3.02,21349,225840,review_required,24.2,7.5,57000,0,2029225.35,817358.79,,
Tract 3.02,21349,225841,review_required,24.2,7.5,57000,0,2029225.35,817358.79,,
Tract 3.02,21349,225842,review_required,24.2,7.5,57000,0,2029225.35,817358.79,,
Tract 3.02,21349,225843,review_required,24.2,7.5,57000,0,2029225.35,817358.79,,
Tract 3.02,21349,225844,review_required,24.2,7.5,57000,0,2029225.35,817358.79,,
Tract 3.02,21349,225845,review_required,24.2,7.5,57000,0,2029225.35,817358.79,,
Tract 3.02,21349,225846,review_required,24.2,7.5,57000,0,2029225.35,817358.79,,
Tract 3.02,21349,225847,review_required,24.2,7.5,57000,0,2029225.35,817358.79,,
Tract 3.02,21349,225848,review_required,24.2,7.5,57000,0,2029225.35,817358.79,,
Tract 3.02,21349,225849,review_required,24.2,7.5,57000,0,2029225.35,817358.79,,
Tract 3.02,21349,225850,review_required,24.2,7.5,57000,0,2029225.35,817358.79,,
Tract 3.02,21349,225851,review_required,24.2,7.5,57000,0,2029225.35,817358.79,,
Tract 3.02,21349,225852,review_required,24.2,7.5,57000,0,2029225.35,817358.79,,
Tract 3.02,21349,225853,review_required,24.2,7.5,57000,0,2029225.35,817358.79,,
Tract 3.02,21349,225854,review_required,24.2,7.5,57000,0,2029225.35,817358.79,,
Tract 3.02,21349,225855,review_required,24.2,7.5,57000,0,2029225.35,817358.79,,
Tract 3.02,21349,225856,review_required,24.2,7.5,57000,0,2029225.35,817358.79,,
Tract 3.02,21349,225857,review_required,24.2,7.5,57000,0,2029225.35,817358.79,,
Tract 3.02,21349,225858,review_required,24.2,7.5,57000,0,2029225.35,817358.79,,
Tract 3.02,21349,225859,review_required,24.2,7.5,57000,0,2029225.35,817358.79,,
Tract 3.02,21349,225860,review_required,24.2,7.5,57000,0,2029225.35,817358.79,,
Tract 3.02,21349,225861,review_required,24.2,7.5,57000,0,2029225.35,817358.79,,
Tract 3.02,21349,225862,review_required,24.2,7.5,57000,0,2029225.35,817358.79,,
Tract 3.02,21349,225863,review_required,24.2,7.5,57000,0,2029225.35,817358.79,,
Tract 3.02,21349,225864,review_required,24.2,7.5,57000,0,2029225.35,817358.79,,
Tract 3.02,21349,230908,review_required,36.0,21.2,31644,0,2027164.88,824981.09,,
Tract 3.02,21349,231817,warning,2.9,39.4,12690,0,2030265.17,819308.95,,
Tract 3.02,21349,231818,warning,3.1,28.8,12690,0,2030286.09,819309.32,,
Tract 3.02,21349,231819,warning,3.6,25.5,12690,0,2030307.33,819320.68,,
Tract 3.02,21349,231820,warning,0.0,25.7,12690,0,2030325.58,819294.76,,
Tract 3.02,21349,231821,warning,0.0,26.8,12690,0,2030348.41,819305.55,,
Tract 3.02,21349,231822,warning,0.0,26.9,12690,0,2030365.08,819299.67,,
Tract 3.02,21349,231823,warning,9.0,26.9,12690,0,2030381.94,819292.59,,
Tract 3.02,21349,232719,review_required,0.0,0.0,09195,1,2030068.33,822102.62,,
Tract 3.02,21349,233651,warning,16.8,19.3,12899,0,2030484.41,818992.34,,
Tract 3.02,21349,235069,review_required,27.6,22.3,56845,0,2030426.7,818774.36,,
Tract 3.02,21349,235070,review_required,27.6,22.3,56845,0,2030426.7,818774.36,,
Tract 3.02,21349,235071,review_required,27.6,22.3,56845,0,2030426.7,818774.36,,
Tract 3.02,21349,235072,review_required,27.6,22.3,56845,0,2030426.7,818774.36,,
Tract 3.02,21349,235073,review_required,27.6,22.3,56845,0,2030426.7,818774.36,,
Tract 3.02,21349,235074,review_required,27.6,22.3,56845,0,2030426.7,818774.36,,
Tract 3.02,21349,235075,review_required,27.6,22.3,56845,0,2030426.7,818774.36,,
Tract 3.02,21349,235076,review_required,27.6,22.3,56845,0,2030426.7,818774.36,,
Tract 3.02,21349,235077,review_required,27.6,22.3,56845,0,2030426.7,818774.36,,
Tract 3.02,21349,235078,review_required,27.6,22.3,56845,0,2030426.7,818774.36,,
Tract 3.02,21349,235079,review_required,27.6,22.3,56845,0,2030426.7,818774.36,,
Tract 3.02,21349,235080,review_required,27.6,22.3,56845,0,2030426.7,818774.36,,
Tract 3.02,21349,235081,review_required,27.6,22.3,56845,0,2030426.7,818774.36,,
Tract 3.02,21349,235082,review_required,27.6,22.3,56845,0,2030426.7,818774.36,,
Tract 3.02,21349,235083,review_required,27.6,22.3,56845,0,2030426.7,818774.36,,
Tract 3.02,21349,235084,review_required,27.6,22.3,56845,0,2030426.7,818774.36,,
Tract 3.02,21349,235085,review_required,27.6,22.3,56845,0,2030426.7,818774.36,,
Tract 3.02,21349,235086,review_required,27.6,22.3,56845,0,2030426.7,818774.36,,
Tract 3.02,21349,235606,review_required,28.7,18.3,12815,0,2029445.03,817439.93,,
Tract 3.02,21349,236260,warning,22.7,29.9,11966,0,2026401.96,823431.59,,
Tract 3.02,21349,243543,warning,23.5,26.0,64808,0,2029920.51,819685.19,,
Tract 3.02,21349,243586,warning,24.0,35.0,12896,0,2028330.75,818062.85,,
Tract 3.02,21349,243588,warning,24.0,35.0,12896,0,2028330.75,818062.85,,
Tract 3.02,21349,243589,warning,24.0,35.0,12896,0,2028330.75,818062.85,,
Tract 3.02,21349,243590,warning,24.0,35.0,12896,0,2028330.75,818062.85,,
Tract 3.02,21349,243591,warning,24.0,35.0,12896,0,2028330.75,818062.85,,
Tract 3.02,21349,243592,warning,24.0,35.0,12896,0,2028330.75,818062.85,,
Tract 3.02,21349,243593,warning,24.0,35.0,12896,0,2028330.75,818062.85,,
Tract 3.02,21349,243594,warning,24.0,35.0,12896,0,2028330.75,818062.85,,
Tract 3.02,21349,243595,warning,24.0,35.0,12896,0,2028330.75,818062.85,,
Tract 3.02,21349,243596,warning,24.0,35.0,12896,0,2028330.75,818062.85,,
Tract 3.02,21349,243597,warning,24.0,35.0,12896,0,2028330.75,818062.85,,
Tract 3.02,21349,243598,warning,24.0,35.0,12896,0,2028330.75,818062.85,,
Tract 3.02,21349,243599,warning,24.0,35.0,12896,0,2028330.75,818062.85,,
Tract 3.02,21349,243600,warning,24.0,35.0,12896,0,2028330.75,818062.85,,
Tract 3.02,21349,243601,warning,24.0,35.0,12896,0,2028330.75,818062.85,,
Tract 3.02,21349,243602,warning,24.0,35.0,12896,0,2028330.75,818062.85,,
Tract 3.02,21349,243603,warning,24.0,35.0,12896,0,2028330.75,818062.85,,
Tract 3.02,21349,243604,warning,24.0,35.0,12896,0,2028330.75,818062.85,,
Tract 3.02,21349,243605,warning,24.0,35.0,12896,0,2028330.75,818062.85,,
Tract 3.02,21349,243606,warning,24.0,35.0,12896,0,2028330.75,818062.85,,
Tract 3.02,21349,243607,warning,24.0,35.0,12896,0,2028330.75,818062.85,,
Tract 3.02,21349,243608,warning,24.0,35.0,12896,0,2028330.75,818062.85,,
Tract 3.02,21349,243609,warning,24.0,35.0,12896,0,2028330.75,818062.85,,
Tract 3.02,21349,243610,warning,24.0,35.0,12896,0,2028330.75,818062.85,,
Tract 3.02,21349,243611,warning,24.0,35.0,12896,0,2028330.75,818062.85,,
Tract 3.02,21349,243612,warning,24.0,35.0,12896,0,2028330.75,818062.85,,
Tract 3.02,21349,243613,warning,24.0,35.0,12896,0,2028330.75,818062.85,,
Tract 3.02,21349,243614,warning,24.0,35.0,12896,0,2028330.75,818062.85,,
Tract 3.02,21349,243615,warning,24.0,35.0,12896,0,2028330.75,818062.85,,
Tract 3.02,21349,243616,warning,24.0,35.0,12896,0,2028330.75,818062.85,,
Tract 3.02,21349,243617,warning,24.0,35.0,12896,0,2028330.75,818062.85,,
Tract 3.02,21349,243618,warning,24.0,35.0,12896,0,2028330.75,818062.85,,
Tract 3.02,21349,243619,warning,24.0,35.0,12896,0,2028330.75,818062.85,,
Tract 3.02,21349,243620,warning,24.0,35.0,12896,0,2028330.75,818062.85,,
Tract 3.02,21349,243621,warning,24.0,35.0,12896,0,2028330.75,818062.85,,
Tract 3.02,21349,243622,warning,24.0,35.0,12896,0,2028330.75,818062.85,,
Tract 3.02,21349,243623,warning,24.0,35.0,12896,0,2028330.75,818062.85,,
Tract 3.02,21349,243624,warning,24.0,35.0,12896,0,2028330.75,818062.85,,
Tract 3.02,21349,243625,warning,24.0,35.0,12896,0,2028330.75,818062.85,,
Tract 3.02,21349,243626,warning,24.0,35.0,12896,0,2028330.75,818062.85,,
Tract 3.02,21349,243627,warning,24.0,35.0,12896,0,2028330.75,818062.85,,
Tract 3.02,21349,243628,warning,24.0,35.0,12896,0,2028330.75,818062.85,,
Tract 3.02,21349,243629,warning,24.0,35.0,12896,0,2028330.75,818062.85,,
Tract 3.02,21349,243630,warning,24.0,35.0,12896,0,2028330.75,818062.85,,
Tract 3.02,21349,243631,warning,24.0,35.0,12896,0,2028330.75,818062.85,,
Tract 3.02,21349,243632,warning,24.0,35.0,12896,0,2028330.75,818062.85,,
Tract 3.02,21349,243633,warning,24.0,35.0,12896,0,2028330.75,818062.85,,
Tract 3.02,21349,243634,warning,24.0,35.0,12896,0,2028330.75,818062.85,,
Tract 3.02,21349,243635,warning,24.0,35.0,12896,0,2028330.75,818062.85,,
Tract 3.02,21349,243636,warning,24.0,35.0,12896,0,2028330.75,818062.85,,
Tract 3.02,21349,243637,warning,24.0,35.0,12896,0,2028330.75,818062.85,,
Tract 3.02,21349,243638,warning,24.0,35.0,12896,0,2028330.75,818062.85,,
Tract 3.02,21349,243639,warning,24.0,35.0,12896,0,2028330.75,818062.85,,
Tract 3.02,21349,243640,warning,24.0,35.0,12896,0,2028330.75,818062.85,,
Tract 3.02,21349,243641,warning,24.0,35.0,12896,0,2028330.75,818062.85,,
Tract 3.02,21349,243642,warning,24.0,35.0,12896,0,2028330.75,818062.85,,
Tract 3.02,21349,243643,warning,24.0,35.0,12896,0,2028330.75,818062.85,,
Tract 3.02,21349,243644,warning,24.0,35.0,12896,0,2028330.75,818062.85,,
Tract 17.12,22500,174023,warning,4.4,7.7,06960,0,2012794.78,834741.74,,
Tract 17.12,22500,174024,warning,4.9,35.5,06960,0,2012879.57,834975.11,,
Tract 17.12,22500,174136,review_required,49.3,47.0,06995,0,2011914.44,832600.4,,
Tract 17.12,22500,175414,review_required,48.8,0.0,14061,1,2006032.81,830537.53,,
Tract 17.12,22500,175643,warning,7.1,11.4,14038,0,2005406.95,831439.22,,
Tract 17.12,22500,175852,warning,14.7,45.8,07461,0,2006958.03,835371.9,,
Tract 17.12,22500,175907,warning,9.2,41.0,07557,0,2005470.25,833304.7,,
Tract 17.12,22500,175908,warning,9.6,10.7,07555,0,2005474.53,833456.47,,
Tract 17.12,22500,176017,review_required,48.4,28.9,07494,0,2006503.71,834415.03,,
Tract 17.12,22500,176018,review_required,45.5,29.4,07495,0,2006463.89,834533.94,,
Tract 17.12,22500,176922,review_required,0.0,0.0,04979,1,2010108.5,839792.47,,
Tract 17.12,22500,199227,warning,22.7,25.9,06871,0,2007125.03,836116.34,,
Tract 17.12,22500,199228,warning,0.0,35.6,33313,0,2007130.1,835930.34,,
Tract 17.12,22500,199229,warning,0.0,14.9,33312,0,2007134.29,835797.18,,
Tract 17.12,22500,199230,warning,0.0,16.1,33312,0,2007033.69,835742.75,,
Tract 17.12,22500,214316,review_required,19.8,0.0,52990,1,2014030.76,837765.54,,
Tract 17.12,22500,230370,warning,3.0,28.7,06959,0,2012864.43,834574.89,,
Tract 16.04,22942,181251,warning,20.5,44.3,06452,0,2011737.23,845156.53,,
Tract 16.04,22942,181252,warning,27.4,40.7,06452,0,2011826.98,845084.15,,
Tract 16.04,22942,181253,warning,27.9,43.1,06452,0,2011929.07,845014.9,,
Tract 16.04,22942,181354,warning,5.2,47.2,06565,0,2009186.66,844335.12,,
Tract 16.04,22942,181355,warning,0.0,48.4,06470,0,2010098.38,844950.34,,
Tract 16.04,22942,181364,review_required,35.4,7.6,52106,0,2008237.83,845215.94,,
Tract 16.04,22942,181527,warning,0.0,16.1,34553,0,2006300.93,844835.38,,
Tract 16.04,22942,182311,review_required,0.0,0.0,50073,1,2015554.41,845152.62,,
Tract 16.04,22942,182312,warning,0.0,43.9,50073,0,2015155.73,845132.56,,
Tract 16.04,22942,184228,review_required,47.7,20.8,02410,0,2016720.59,850339.27,,
Tract 16.04,22942,196192,warning,15.8,44.4,34555,0,2007462.15,845053.25,,
Tract 16.04,22942,196193,review_required,38.0,4.2,34555,0,2007672.23,845139.74,,
Tract 16.04,22942,196203,review_required,15.0,0.0,34572,1,2007743.81,844839.03,,
Tract 16.04,22942,196222,review_required,0.0,0.0,34554,1,2006786.01,844625.9,,
Tract 17.05,23702,125632,warning,6.9,45.8,10910,0,2019166.37,831329.94,,
Tract 17.05,23702,125633,review_required,44.2,22.8,10910,0,2019163.4,831233.88,,
Tract 17.05,23702,125652,review_required,30.0,27.9,06038,0,2019988.58,833475.5,,
Tract 17.05,23702,125718,warning,7.6,30.7,06120,0,2019548.16,832761.78,,
Tract 17.05,23702,125727,warning,25.4,39.4,06038,0,2019798.53,833345.84,,
Tract 17.05,23702,125728,review_required,47.2,23.8,06038,0,2019800.15,833420.81,,
Tract 17.05,23702,125749,warning,14.6,27.2,06119,0,2019188.8,832727.29,,
Tract 17.05,23702,125752,warning,18.8,38.7,06120,0,2019438.64,832791.9,,
Tract 17.05,23702,125812,review_required,29.3,23.8,06011,0,2020396.81,834084.81,,
Tract 17.05,23702,125813,review_required,48.6,23.9,06011,0,2020008.28,834053.66,,
Tract 17.05,23702,126216,warning,16.4,48.7,05651,0,2023911.44,834410.43,,
Tract 17.05,23702,126478,warning,5.9,20.4,10535,0,2021064.89,831271.84,,
Tract 17.05,23702,126501,warning,28.3,49.9,10512,0,2022039.11,831463.97,,
Tract 17.05,23702,126502,warning,9.5,34.3,10571,0,2022009.44,831419.94,,
Tract 17.05,23702,126570,warning,25.2,40.9,10510,0,2022043.94,831740.94,,
Tract 17.05,23702,126740,review_required,41.9,18.6,05941,0,2021294.37,834765.53,,
Tract 17.05,23702,126781,warning,37.9,42.1,05841,0,2021475.14,834766.28,,
Tract 17.05,23702,126794,warning,37.4,46.9,05842,0,2021974.06,834761.43,,
Tract 17.05,23702,127146,review_required,0.0,0.0,05175,1,2022587.27,836370.65,,
Tract 17.05,23702,244291,review_required,35.6,11.4,05842,0,2021765.72,834717.95,,
Tract 17.09,24430,127502,review_required,37.6,16.1,04619,0,2028402.45,837966.83,,
Tract 17.09,24430,171681,warning,17.2,27.7,03727,0,2034716.37,833858.31,,
Tract 17.09,24430,171735,warning,42.7,49.9,03727,0,2034864.24,833719.88,,
Tract 17.09,24430,171745,review_required,45.5,42.6,03708,0,2034358.36,833127.87,,
Tract 17.09,24430,171832,warning,0.0,40.5,03676,0,2033438.56,833983.87,,
Tract 17.09,24430,171835,review_required,0.0,0.0,03676,1,2033491.48,833625.31,,
Tract 17.09,24430,171836,warning,7.1,7.1,03676,0,2033993.38,833951.44,,
Tract 17.09,24430,172030,review_required,34.0,23.9,07249,0,2033342.05,831900.91,,
Tract 17.09,24430,172034,review_required,41.4,25.8,30228,0,2033477.47,832127.72,,
Tract 17.09,24430,172036,review_required,39.7,25.1,30228,0,2033531.33,832246.31,,
Tract 17.09,24430,172037,review_required,40.4,21.6,30228,0,2033635.95,832253.16,,
Tract 17.09,24430,172081,warning,0.0,50.0,09977,0,2031816.85,831831.69,,
Tract 17.09,24430,172214,warning,0.3,32.9,05429,0,2029934.72,833457.43,,
Tract 17.09,24430,172250,warning,0.0,5.8,05403,0,2029591.84,835126.04,,
Tract 17.09,24430,172256,warning,0.7,35.3,05437,0,2029753.94,833860.55,,
Tract 17.09,24430,172270,review_required,35.3,33.4,05437,0,2029691.72,834004.76,,
Tract 17.09,24430,172349,warning,0.0,37.6,53213,0,2028203.3,836743.39,,
Tract 17.09,24430,172353,review_required,0.0,0.0,53213,1,2028382.15,837356.95,,
Tract 17.09,24430,172506,warning,0.0,46.9,04619,0,2028691.71,838010.47,,
Tract 17.09,24430,177879,warning,7.2,10.8,03087,0,2036035.86,840562.32,,
Tract 17.09,24430,199700,warning,14.4,20.0,50492,0,2036358.31,840539.19,,
Tract 17.09,24430,199710,warning,13.1,27.3,50492,0,2036580.9,840530.33,,
Tract 17.09,24430,199724,review_required,13.3,0.0,50491,1,2036289.05,840999.34,,
Tract 17.09,24430,202264,warning,42.4,43.2,50562,0,2036811.24,840582.31,,
Tract 17.09,24430,202265,warning,42.3,45.2,50562,0,2036897.8,840553.72,,
Tract 17.09,24430,202266,warning,42.1,48.1,50562,0,2036977.32,840575.05,,
Tract 17.09,24430,202272,review_required,42.1,40.3,50561,0,2037113.83,840584.65,,
Tract 17.09,24430,202273,warning,41.9,42.1,50571,0,2037171.57,840553.81,,
Tract 17.09,24430,202274,review_required,41.8,22.2,50571,0,2037248.73,840553.18,,
Tract 17.09,24430,202282,review_required,41.2,0.0,50571,1,2037392.18,840674.97,,
Tract 17.09,24430,206244,review_required,11.9,0.0,50527,1,2038427.92,840793.37,,
Tract 17.09,24430,222390,warning,0.0,36.6,05438,0,2029902.56,833755.36,,
Tract 17.09,24430,222900,warning,0.0,11.0,62112,0,2033518.2,838784.94,,
Tract 17.09,24430,222903,review_required,0.0,0.0,62112,1,2034975.77,838763.5,,
Tract 17.09,24430,224085,review_required,42.3,30.9,62100,0,2034626.28,838710.25,,
Tract 17.09,24430,224086,warning,16.5,18.4,62111,0,2034567.22,838682.53,,
Tract 17.09,24430,224087,warning,16.4,19.7,62111,0,2034501.05,838672.21,,
Tract 17.09,24430,224088,review_required,16.2,15.4,62112,0,2034440.05,838673.71,,
Tract 17.09,24430,224089,review_required,16.1,11.5,62112,0,2034349.75,838678.6,,
Tract 17.09,24430,224090,review_required,16.2,11.4,62110,0,2034284.77,838681.69,,
Tract 17.09,24430,224091,review_required,17.0,14.0,62109,0,2034222.63,838685.62,,
Tract 17.09,24430,224092,review_required,44.1,38.9,62109,0,2034153.72,838698.76,,
Tract 17.09,24430,224112,review_required,49.5,17.5,62107,0,2034320.71,839053.01,,
Tract 17.09,24430,224149,review_required,33.5,19.0,62090,0,2034551.94,839908.67,,
Tract 17.09,24430,224150,warning,19.7,45.4,62090,0,2034600.39,839951.52,,
Tract 17.09,24430,224183,review_required,35.5,32.2,62015,0,2034414.57,840246.98,,
Tract 17.09,24430,224203,warning,15.8,26.5,62090,0,2034649.69,839732.42,,
Tract 17.09,24430,236853,review_required,28.2,15.5,08183,0,2033105.44,831596.62,,
Tract 17.09,24430,240508,warning,13.2,18.0,03708,0,2034226.96,832745.53,,
Tract 16.03,25387,180782,review_required,0.0,0.0,02633,1,2024453.5,846999.28,,
Tract 16.03,25387,180783,warning,13.9,24.1,02633,0,2024353.5,846978.66,,
Tract 16.03,25387,180862,warning,0.0,45.6,04029,0,2022651.7,846958.28,,
Tract 16.03,25387,180863,warning,34.3,45.6,04029,0,2022784.12,846960.66,,
Tract 16.03,25387,183778,review_required,0.0,0.0,02107,1,2025385.22,849925.75,,
Tract 16.03,25387,183779,warning,0.0,42.6,50818,0,2023924.8,850270.32,,
Tract 18.01,26532,208803,review_required,0.0,0.0,02701,1,2040568.64,844140.74,,
Tract 5,27508,103271,review_required,30.8,21.0,44026,0,2025229.35,817874.99,,
Tract 5,27508,103274,review_required,32.1,0.0,12099,1,2025557.95,818243.75,,
Tract 5,27508,103384,review_required,33.6,30.0,17957,0,2020602.65,813207.65,,
Tract 5,27508,104292,review_required,25.3,0.0,53391,1,2021360.13,813097.87,,
Tract 5,27508,104299,review_required,26.2,18.6,17060,0,2020894.26,813237.75,,
Tract 5,27508,104301,review_required,24.2,0.0,17993,1,2020934.21,813052.03,,
Tract 5,27508,104311,warning,27.5,31.9,18041,0,2020670.98,812948.0,,
Tract 5,27508,104337,warning,27.8,30.0,17944,0,2022017.26,813993.95,,
Tract 5,27508,107987,review_required,35.9,24.3,17928,0,2023497.83,813417.47,,
Tract 5,27508,108016,review_required,30.3,30.0,17944,0,2022140.01,813979.28,,
Tract 5,27508,108038,review_required,22.3,18.7,17078,0,2021174.99,814040.47,,
Tract 5,27508,108039,review_required,30.2,16.5,17856,0,2021432.17,814385.3,,
Tract 5,27508,108069,review_required,34.6,22.4,17955,0,2020966.99,813847.53,,
Tract 5,27508,108480,review_required,17.6,10.5,45034,0,2022002.34,815035.38,,
Tract 5,27508,108481,review_required,17.8,9.3,45034,0,2022088.19,815070.34,,
Tract 5,27508,108489,warning,24.0,24.5,17820,0,2022376.73,815550.4,,
Tract 5,27508,108517,review_required,30.6,16.5,17820,0,2022493.21,815612.5,,
Tract 5,27508,108522,review_required,26.6,24.4,13142,0,2022784.21,815928.82,,
Tract 5,27508,108552,warning,17.2,23.2,13421,0,2024004.62,817149.87,,
Tract 5,27508,108674,warning,29.0,44.4,13134,0,2023434.11,816172.62,,
Tract 5,27508,113589,review_required,28.5,0.0,13375,1,2023920.54,818779.71,,
Tract 5,27508,113886,warning,20.4,40.2,12111,0,2024320.79,818617.75,,
Tract 5,27508,113887,review_required,20.6,7.4,12111,0,2024352.76,818685.68,,
Tract 5,27508,113892,warning,18.8,18.8,13753,0,2024338.16,818173.34,,
Tract 5,27508,113908,review_required,18.6,17.0,13028,0,2024342.41,818010.84,,
Tract 5,27508,113912,review_required,20.2,17.1,13028,0,2024348.65,817917.67,,
Tract 5,27508,113949,review_required,33.3,10.7,13302,0,2024786.73,818054.97,,
Tract 5,27508,113960,review_required,26.7,6.7,13302,0,2024784.88,817889.6,,
Tract 5,27508,113965,review_required,28.1,1.3,63250,0,2024931.3,817838.66,,
Tract 5,27508,113966,review_required,27.3,12.2,63250,0,2025057.1,817877.84,,
Tract 5,27508,113967,warning,26.5,30.1,44026,0,2025075.91,817807.34,,
Tract 5,27508,114032,warning,15.0,36.7,13737,0,2024185.9,817608.65,,
Tract 5,27508,114044,warning,19.8,27.6,13421,0,2024031.4,817247.62,,
Tract 5,27508,114666,warning,28.9,47.8,13287,0,2026179.23,816602.22,,
Tract 5,27508,114667,warning,28.9,29.6,12144,0,2026199.12,816526.5,,
Tract 5,27508,114833,warning,21.0,25.8,13288,0,2026255.58,816053.06,,
Tract 5,27508,114876,review_required,28.4,22.5,17576,0,2025882.47,815740.06,,
Tract 5,27508,114884,review_required,34.6,24.1,17576,0,2025600.01,815491.91,,
Tract 5,27508,114888,warning,27.6,42.3,17576,0,2025599.67,815813.09,,
Tract 5,27508,114899,review_required,22.9,21.7,17574,0,2025253.94,815499.9,,
Tract 5,27508,114920,warning,21.9,27.2,17583,0,2024843.94,815500.47,,
Tract 5,27508,115012,review_required,31.9,22.9,17579,0,2025255.24,815382.34,,
Tract 5,27508,115028,review_required,49.9,24.7,17583,0,2024838.77,815410.13,,
Tract 5,27508,115063,review_required,23.0,22.4,17579,0,2025423.38,815327.47,,
Tract 5,27508,115209,warning,35.9,42.3,17679,0,2024582.34,814113.06,,
Tract 5,27508,115216,review_required,17.4,3.4,17679,0,2024523.98,813724.4,,
Tract 5,27508,115240,warning,17.4,45.1,21068,0,2024214.97,813526.41,,
Tract 5,27508,115248,warning,20.9,39.3,17679,0,2024523.85,813583.72,,
Tract 5,27508,115250,warning,23.0,26.0,17933,0,2023760.29,813424.28,,
Tract 5,27508,115251,review_required,0.0,0.0,21068,1,2023930.51,813613.38,,
Tract 5,27508,197975,review_required,38.7,0.0,13477,1,2024189.01,819024.14,,
Tract 5,27508,240299,review_required,37.7,20.5,17679,0,2024471.75,813943.88,,
Tract 23,28080,102762,warning,21.6,22.1,12807,0,2029447.49,817274.72,,
Tract 23,28080,102765,warning,7.5,24.2,12807,0,2029225.35,817358.79,,
Tract 23,28080,102774,review_required,38.7,23.8,12807,0,2029339.84,817329.44,,
Tract 23,28080,102775,review_required,38.7,23.4,12807,0,2029344.28,817291.12,,
Tract 23,28080,102795,review_required,24.5,22.6,12904,0,2029955.5,816862.78,,
Tract 23,28080,102811,review_required,34.1,22.7,12806,0,2029552.82,817213.22,,
Tract 23,28080,102812,review_required,34.1,22.7,12806,0,2029552.82,817213.22,,
Tract 23,28080,102813,review_required,34.1,22.7,12806,0,2029552.82,817213.22,,
Tract 23,28080,102814,review_required,34.1,22.7,12806,0,2029552.82,817213.22,,
Tract 23,28080,102815,review_required,34.1,22.7,12806,0,2029552.82,817213.22,,
Tract 23,28080,102816,review_required,34.1,22.7,12806,0,2029552.82,817213.22,,
Tract 23,28080,102817,review_required,34.1,22.7,12806,0,2029552.82,817213.22,,
Tract 23,28080,102818,review_required,34.1,22.7,12806,0,2029552.82,817213.22,,
Tract 23,28080,102819,review_required,34.1,22.7,12806,0,2029552.82,817213.22,,
Tract 23,28080,102834,review_required,29.7,29.7,12901,0,2029734.24,816945.09,,
Tract 23,28080,102835,review_required,47.1,29.6,12901,0,2029747.49,817004.27,,
Tract 23,28080,102868,warning,0.0,19.5,57377,0,2031195.53,815436.06,,
Tract 23,28080,102926,warning,23.5,29.1,12922,0,2030528.71,816584.44,,
Tract 23,28080,102928,review_required,33.9,24.9,12922,0,2030274.25,816711.0,,
Tract 23,28080,102929,review_required,33.7,27.8,12922,0,2030375.77,816621.05,,
Tract 23,28080,103057,review_required,27.8,24.0,12840,0,2028549.9,817455.91,,
Tract 23,28080,103058,review_required,29.6,15.4,12830,0,2028944.46,817311.8,,
Tract 23,28080,103363,review_required,0.0,0.0,55838,1,2029369.48,816174.99,,
Tract 23,28080,110528,review_required,35.8,28.1,12907,0,2031096.07,816790.81,,
Tract 23,28080,110533,review_required,42.2,23.7,58802,0,2030746.16,816984.65,,
Tract 23,28080,111852,warning,18.8,25.8,17401,0,2031587.17,814154.66,,
Tract 23,28080,111867,review_required,31.3,7.4,17360,0,2031244.05,814692.28,,
Tract 23,28080,111870,review_required,28.1,10.5,17360,0,2031427.15,814440.25,,
Tract 23,28080,118715,review_required,28.4,17.7,21055,0,2028185.58,813045.87,,
Tract 23,28080,118736,review_required,47.9,25.7,17712,0,2027794.3,813039.27,,
Tract 23,28080,118737,warning,23.4,25.8,17712,0,2027840.72,813038.77,,
Tract 23,28080,118739,warning,24.4,27.4,21055,0,2028082.31,813048.14,,
Tract 23,28080,118749,warning,22.7,26.1,17712,0,2027713.51,813095.03,,
Tract 23,28080,119218,review_required,27.1,0.0,17404,1,2030459.99,813437.78,,
Tract 23,28080,119230,warning,43.5,43.9,34620,0,2030404.0,813647.19,,
Tract 23,28080,119231,review_required,38.0,0.0,34620,1,2030467.52,813678.54,,
Tract 23,28080,119232,review_required,37.7,0.0,34620,1,2030480.08,813802.41,,
Tract 23,28080,119233,review_required,39.9,0.0,34620,1,2030420.99,813839.09,,
Tract 23,28080,119243,review_required,40.7,27.8,17415,0,2030303.13,813528.41,,
Tract 23,28080,119261,warning,24.1,35.7,17420,0,2030000.32,813236.78,,
Tract 23,28080,119262,warning,19.6,41.0,17420,0,2030023.87,813353.62,,
Tract 23,28080,119276,review_required,14.6,0.0,17502,1,2029740.91,812912.28,,
Tract 23,28080,119318,warning,12.1,22.9,17530,0,2028842.03,812709.69,,
Tract 23,28080,119323,review_required,45.7,11.6,50730,0,2029009.5,812862.81,,
Tract 23,28080,119328,warning,0.0,24.9,17423,0,2029666.32,813480.96,,
Tract 23,28080,119424,review_required,0.0,0.0,50441,1,2028071.01,814797.69,,
Tract 23,28080,119459,review_required,0.0,0.0,50443,1,2027529.58,814504.66,,
Tract 23,28080,218150,review_required,7.8,0.0,12115,1,2027529.13,817956.33,,
Tract 23,28080,220772,warning,0.0,38.5,12886,0,2029189.24,815680.4,,
Tract 23,28080,225827,warning,7.5,24.2,12807,0,2029225.35,817358.79,,
Tract 23,28080,225828,warning,7.5,24.2,12807,0,2029225.35,817358.79,,
Tract 23,28080,225829,warning,7.5,24.2,12807,0,2029225.35,817358.79,,
Tract 23,28080,225830,warning,7.5,24.2,12807,0,2029225.35,817358.79,,
Tract 23,28080,225831,warning,7.5,24.2,12807,0,2029225.35,817358.79,,
Tract 23,28080,225832,warning,7.5,24.2,12807,0,2029225.35,817358.79,,
Tract 23,28080,225833,warning,7.5,24.2,12807,0,2029225.35,817358.79,,
Tract 23,28080,225834,warning,7.5,24.2,12807,0,2029225.35,817358.79,,
Tract 23,28080,225836,warning,7.5,24.2,12807,0,2029225.35,817358.79,,
Tract 23,28080,225837,warning,7.5,24.2,12807,0,2029225.35,817358.79,,
Tract 23,28080,225838,warning,7.5,24.2,12807,0,2029225.35,817358.79,,
Tract 23,28080,225839,warning,7.5,24.2,12807,0,2029225.35,817358.79,,
Tract 23,28080,225840,warning,7.5,24.2,12807,0,2029225.35,817358.79,,
Tract 23,28080,225841,warning,7.5,24.2,12807,0,2029225.35,817358.79,,
Tract 23,28080,225842,warning,7.5,24.2,12807,0,2029225.35,817358.79,,
Tract 23,28080,225843,warning,7.5,24.2,12807,0,2029225.35,817358.79,,
Tract 23,28080,225844,warning,7.5,24.2,12807,0,2029225.35,817358.79,,
Tract 23,28080,225845,warning,7.5,24.2,12807,0,2029225.35,817358.79,,
Tract 23,28080,225846,warning,7.5,24.2,12807,0,2029225.35,817358.79,,
Tract 23,28080,225847,warning,7.5,24.2,12807,0,2029225.35,817358.79,,
Tract 23,28080,225848,warning,7.5,24.2,12807,0,2029225.35,817358.79,,
Tract 23,28080,225849,warning,7.5,24.2,12807,0,2029225.35,817358.79,,
Tract 23,28080,225850,warning,7.5,24.2,12807,0,2029225.35,817358.79,,
Tract 23,28080,225851,warning,7.5,24.2,12807,0,2029225.35,817358.79,,
Tract 23,28080,225852,warning,7.5,24.2,12807,0,2029225.35,817358.79,,
Tract 23,28080,225853,warning,7.5,24.2,12807,0,2029225.35,817358.79,,
Tract 23,28080,225854,warning,7.5,24.2,12807,0,2029225.35,817358.79,,
Tract 23,28080,225855,warning,7.5,24.2,12807,0,2029225.35,817358.79,,
Tract 23,28080,225856,warning,7.5,24.2,12807,0,2029225.35,817358.79,,
Tract 23,28080,225857,warning,7.5,24.2,12807,0,2029225.35,817358.79,,
Tract 23,28080,225858,warning,7.5,24.2,12807,0,2029225.35,817358.79,,
Tract 23,28080,225859,warning,7.5,24.2,12807,0,2029225.35,817358.79,,
Tract 23,28080,225860,warning,7.5,24.2,12807,0,2029225.35,817358.79,,
Tract 23,28080,225861,warning,7.5,24.2,12807,0,2029225.35,817358.79,,
Tract 23,28080,225862,warning,7.5,24.2,12807,0,2029225.35,817358.79,,
Tract 23,28080,225863,warning,7.5,24.2,12807,0,2029225.35,817358.79,,
Tract 23,28080,225864,warning,7.5,24.2,12807,0,2029225.35,817358.79,,
Tract 23,28080,232487,warning,0.0,37.3,57377,0,2031199.49,815192.62,,
Tract 23,28080,239919,review_required,38.2,0.0,51614,1,2031360.43,816257.29,,
Tract 23,28080,243778,review_required,38.2,0.0,51616,1,2031090.27,816030.78,,
Tract 13.01,28175,117356,review_required,48.9,28.8,18293,0,2029593.2,810985.06,,
Tract 13.01,28175,117361,warning,24.5,25.2,18293,0,2029492.24,810727.37,,
Tract 13.01,28175,117389,review_required,25.5,16.8,61843,0,2029533.33,810455.9,,
Tract 13.01,28175,117438,review_required,41.8,35.4,18293,0,2029412.17,811036.0,,
Tract 13.01,28175,117439,review_required,25.8,25.6,18230,0,2029425.1,811085.34,,
Tract 13.01,28175,117488,warning,18.9,23.3,18258,0,2031644.78,810591.4,,
Tract 13.01,28175,117493,warning,18.2,42.7,18258,0,2031710.13,810856.73,,
Tract 13.01,28175,117569,review_required,31.0,22.2,18257,0,2031607.99,810475.43,,
Tract 13.01,28175,117603,review_required,26.4,0.0,18272,1,2030709.75,810408.37,,
Tract 13.01,28175,117621,review_required,0.0,0.0,18266,1,2030823.71,810693.97,,
Tract 13.01,28175,117622,warning,0.0,49.1,18266,0,2030709.6,810681.78,,
Tract 13.01,28175,117949,review_required,25.4,11.2,16220,0,2032288.22,811692.02,,
Tract 13.01,28175,117950,review_required,25.0,14.3,16223,0,2032275.25,811578.41,,
Tract 13.01,28175,117956,warning,16.4,16.7,16223,0,2032342.99,811409.25,,
Tract 13.01,28175,117959,review_required,45.3,22.8,16223,0,2032477.12,811423.91,,
Tract 13.01,28175,117961,warning,20.5,26.6,16223,0,2032459.25,811377.21,,
Tract 13.01,28175,117963,warning,24.8,38.4,31814,0,2032425.24,811289.73,,
Tract 13.01,28175,117964,review_required,31.3,25.5,31814,0,2032429.4,811262.13,,
Tract 13.01,28175,118030,review_required,20.9,20.0,31814,0,2032286.95,811234.99,,
Tract 13.01,28175,118275,warning,25.1,43.6,17506,0,2029760.12,812124.53,,
Tract 13.01,28175,118300,review_required,21.9,12.1,17514,0,2029634.12,812608.22,,
Tract 13.01,28175,118301,warning,21.2,44.5,17514,0,2029588.5,812602.0,,
Tract 13.01,28175,118304,review_required,20.3,0.0,17507,1,2029425.5,812518.19,,
Tract 13.01,28175,118306,review_required,22.6,11.2,17508,0,2029300.5,812516.25,,
Tract 13.01,28175,118309,warning,21.8,24.9,17497,0,2029152.78,812560.0,,
Tract 13.01,28175,118324,warning,15.5,17.1,17497,0,2028808.86,812383.95,,
Tract 13.01,28175,118356,warning,24.9,30.0,18230,0,2029404.75,811220.22,,
Tract 13.01,28175,118358,review_required,24.9,20.4,18226,0,2029489.36,811341.06,,
Tract 13.01,28175,118378,warning,26.2,42.3,18226,0,2029543.59,811465.41,,
Tract 13.01,28175,118386,review_required,28.3,14.6,17506,0,2029701.78,812017.72,,
Tract 13.01,28175,119218,warning,0.0,27.1,17412,0,2030459.99,813437.78,,
Tract 13.01,28175,119230,review_required,43.9,43.5,17416,0,2030404.0,813647.19,,
Tract 13.01,28175,119231,warning,0.0,38.0,17416,0,2030467.52,813678.54,,
Tract 13.01,28175,119232,warning,0.0,37.7,17416,0,2030480.08,813802.41,,
Tract 13.01,28175,119233,warning,0.0,39.9,17416,0,2030420.99,813839.09,,
Tract 13.01,28175,119243,warning,27.8,40.7,17412,0,2030303.13,813528.41,,
Tract 13.01,28175,119261,review_required,35.7,24.1,17412,0,2030000.32,813236.78,,
Tract 13.01,28175,119262,review_required,41.0,19.6,17412,0,2030023.87,813353.62,,
Tract 13.01,28175,119276,warning,0.0,14.6,17426,0,2029740.91,812912.28,,
Tract 13.01,28175,119318,review_required,22.9,12.1,17522,0,2028842.03,812709.69,,
Tract 13.01,28175,119323,warning,11.6,45.7,17516,0,2029009.5,812862.81,,
Tract 13.01,28175,119328,review_required,24.9,0.0,34784,1,2029666.32,813480.96,,
Tract 13.01,28175,218534,warning,24.8,37.9,17402,0,2032298.77,813360.18,,
Tract 13.01,28175,219269,warning,15.5,17.1,17497,0,2028808.86,812383.95,,
Tract 13.01,28175,219270,warning,15.5,17.1,17497,0,2028808.86,812383.95,,
Tract 13.01,28175,241702,review_required,44.8,10.5,18266,0,2030863.27,810616.01,,
Tract 10.01,29754,102868,review_required,19.5,0.0,57379,1,2031195.53,815436.06,,
Tract 10.01,29754,110441,warning,8.5,21.7,12850,0,2031619.24,816781.47,,
Tract 10.01,29754,110529,warning,14.3,35.7,12845,0,2031283.53,816423.88,,
Tract 10.01,29754,111200,warning,21.5,32.4,09887,0,2035007.24,816813.31,,
Tract 10.01,29754,111210,warning,17.9,26.0,09838,0,2035463.97,816632.24,,
Tract 10.01,29754,111283,warning,23.6,32.1,09843,0,2034914.68,816802.37,,
Tract 10.01,29754,111293,review_required,0.0,0.0,31923,1,2034416.76,816571.44,,
Tract 10.01,29754,111303,warning,13.2,21.0,09923,0,2033917.41,816468.5,,
Tract 10.01,29754,111348,review_required,42.8,22.3,09882,0,2032747.48,816853.06,,
Tract 10.01,29754,111352,review_required,19.0,11.2,35039,0,2032670.29,816651.09,,
Tract 10.01,29754,111393,warning,22.0,45.9,35039,0,2032618.73,816498.51,,
Tract 10.01,29754,111852,review_required,25.8,18.8,17357,0,2031587.17,814154.66,,
Tract 10.01,29754,111867,warning,7.4,31.3,17355,0,2031244.05,814692.28,,
Tract 10.01,29754,111870,warning,10.5,28.1,17355,0,2031427.15,814440.25,,
Tract 10.01,29754,112179,warning,11.8,45.5,17340,0,2036054.18,811732.22,,
Tract 10.01,29754,112180,review_required,42.3,14.2,17340,0,2036097.75,811782.38,,
Tract 10.01,29754,112192,warning,24.3,30.8,15324,0,2036160.62,812317.18,,
Tract 10.01,29754,112287,warning,25.8,43.1,15283,0,2036740.94,813242.48,,
Tract 10.01,29754,112398,warning,23.8,32.5,15326,0,2036460.58,812743.18,,
Tract 10.01,29754,112410,warning,25.8,26.0,15571,0,2036580.5,813138.69,,
Tract 10.01,29754,112447,warning,22.9,37.0,15324,0,2036338.61,812507.1,,
Tract 10.01,29754,112460,warning,26.0,47.5,15326,0,2036435.45,812573.41,,
Tract 10.01,29754,112511,review_required,30.9,18.4,15282,0,2036717.02,813829.28,,
Tract 10.01,29754,112534,review_required,22.4,21.4,17225,0,2036184.41,814541.43,,
Tract 10.01,29754,112553,warning,21.5,24.9,15582,0,2036549.52,813860.59,,
Tract 10.01,29754,112741,review_required,31.2,21.7,15352,0,2036041.51,815497.31,,
Tract 10.01,29754,112750,review_required,28.3,25.2,31507,0,2036219.93,816023.69,,
Tract 10.01,29754,112769,warning,14.7,46.6,15597,0,2035843.77,815487.75,,
Tract 10.01,29754,112851,warning,11.8,25.6,15365,0,2035642.56,815111.9,,
Tract 10.01,29754,112881,review_required,46.4,35.9,09715,0,2036156.37,816587.38,,
Tract 10.01,29754,112889,review_required,36.8,30.8,09708,0,2036289.46,816169.31,,
Tract 10.01,29754,112901,warning,12.2,26.4,09838,0,2035541.92,816654.62,,
Tract 10.01,29754,112907,warning,19.8,22.3,09715,0,2035957.35,816602.28,,
Tract 10.01,29754,114566,warning,14.1,32.7,17340,0,2036208.05,811661.44,,
Tract 10.01,29754,218141,review_required,7.2,4.8,36013,0,2033518.31,812729.82,,
Tract 10.01,29754,218534,review_required,37.9,24.8,15751,0,2032298.77,813360.18,,
Tract 10.01,29754,222398,warning,24.3,28.1,15282,0,2036723.96,813687.84,,
Tract 10.01,29754,232487,review_required,37.3,0.0,17551,1,2031199.49,815192.62,,
Tract 10.01,29754,233458,warning,13.8,23.6,64719,0,2031398.84,816725.77,,
Tract 10.01,29754,233459,warning,12.7,34.2,35044,0,2031407.57,816738.37,,
Tract 10.01,29754,233460,warning,12.9,34.1,35044,0,2031416.32,816751.01,,
Tract 10.01,29754,233461,warning,13.2,34.1,35044,0,2031425.08,816763.66,,
Tract 10.01,29754,233462,warning,13.4,34.0,35044,0,2031433.83,816776.3,,
Tract 10.01,29754,233463,warning,13.7,34.0,35044,0,2031442.59,816788.95,,
Tract 10.01,29754,233464,warning,13.5,33.9,35044,0,2031451.34,816801.59,,
Tract 10.01,29754,233465,warning,13.0,33.9,35044,0,2031460.1,816814.24,,
Tract 10.01,29754,233466,warning,12.9,33.8,35044,0,2031468.85,816826.88,,
Tract 10.01,29754,233467,warning,17.1,33.2,12850,0,2031475.9,816840.71,,
Tract 10.01,29754,233468,review_required,31.6,28.4,12850,0,2031492.56,816846.47,,
Tract 10.01,29754,233469,review_required,0.0,0.0,64719,1,2031477.95,816595.87,,
Tract 10.01,29754,239000,warning,19.3,24.1,15365,0,2035724.95,814809.26,,
Tract 10.01,29754,239919,warning,0.0,38.2,12909,0,2031360.43,816257.29,,
Tract 10.01,29754,240615,warning,21.5,24.9,15582,0,2036549.52,813860.59,,
Tract 10.01,29754,243778,warning,0.0,38.2,12909,0,2031090.27,816030.78,,
Tract 1.02,29962,100000,review_required,0.0,0.0,12265,1,2024827.97,821124.0,,
Tract 1.02,29962,100618,warning,29.9,44.5,11544,0,2023133.3,825107.4,,
Tract 1.02,29962,100621,review_required,42.8,40.2,11544,0,2022968.34,824961.94,,
Tract 1.02,29962,100805,warning,0.0,22.4,10664,0,2023464.34,825826.97,,
Tract 1.02,29962,101478,warning,23.7,27.6,10664,0,2022920.76,825315.53,,
Tract 1.02,29962,101833,warning,0.0,31.3,64653,0,2022392.73,822976.84,,
Tract 1.02,29962,102762,review_required,22.1,21.6,12814,0,2029447.49,817274.72,,
Tract 1.02,29962,102765,review_required,24.2,7.5,57000,0,2029225.35,817358.79,,
Tract 1.02,29962,102774,warning,23.8,38.7,35082,0,2029339.84,817329.44,,
Tract 1.02,29962,102775,warning,23.4,38.7,35082,0,2029344.28,817291.12,,
Tract 1.02,29962,102778,review_required,28.7,18.3,12815,0,2029445.03,817439.93,,
Tract 1.02,29962,102785,review_required,20.4,7.7,12819,0,2029282.8,817697.55,,
Tract 1.02,29962,102787,review_required,25.7,9.4,12819,0,2029323.94,817534.92,,
Tract 1.02,29962,102788,review_required,26.5,9.4,12819,0,2029364.14,817531.38,,
Tract 1.02,29962,102789,warning,27.4,40.7,12819,0,2029380.96,817451.81,,
Tract 1.02,29962,102791,warning,28.2,44.5,12819,0,2029417.2,817449.51,,
Tract 1.02,29962,102792,review_required,34.1,21.7,12815,0,2029529.94,817414.16,,
Tract 1.02,29962,102794,review_required,20.6,17.4,12815,0,2029548.35,817704.15,,
Tract 1.02,29962,102796,warning,24.8,29.3,12901,0,2029780.89,817063.19,,
Tract 1.02,29962,102797,warning,24.8,29.3,12901,0,2029780.89,817063.19,,
Tract 1.02,29962,102798,warning,24.8,29.3,12901,0,2029780.89,817063.19,,
Tract 1.02,29962,102799,warning,24.5,29.5,12901,0,2029710.57,817068.73,,
Tract 1.02,29962,102811,warning,22.7,34.1,12814,0,2029552.82,817213.22,,
Tract 1.02,29962,102812,warning,22.7,34.1,12814,0,2029552.82,817213.22,,
Tract 1.02,29962,102813,warning,22.7,34.1,12814,0,2029552.82,817213.22,,
Tract 1.02,29962,102814,warning,22.7,34.1,12814,0,2029552.82,817213.22,,
Tract 1.02,29962,102815,warning,22.7,34.1,12814,0,2029552.82,817213.22,,
Tract 1.02,29962,102816,warning,22.7,34.1,12814,0,2029552.82,817213.22,,
Tract 1.02,29962,102817,warning,22.7,34.1,12814,0,2029552.82,817213.22,,
Tract 1.02,29962,102818,warning,22.7,34.1,12814,0,2029552.82,817213.22,,
Tract 1.02,29962,102819,warning,22.7,34.1,12814,0,2029552.82,817213.22,,
Tract 1.02,29962,102950,warning,26.5,27.7,12813,0,2029653.66,817336.66,,
Tract 1.02,29962,102957,warning,25.0,27.1,12811,0,2029836.67,817133.34,,
Tract 1.02,29962,102973,warning,0.0,24.4,12820,0,2029669.3,817682.56,,
Tract 1.02,29962,102974,warning,22.8,27.8,12820,0,2029654.77,817857.66,,
Tract 1.02,29962,102982,review_required,23.6,22.9,12906,0,2029797.66,818044.65,,
Tract 1.02,29962,103001,warning,12.1,21.8,54933,0,2029962.62,818239.87,,
Tract 1.02,29962,103006,warning,31.0,31.0,35304,0,2029297.09,817887.12,,
Tract 1.02,29962,103007,review_required,43.9,31.2,35304,0,2029351.1,817889.22,,
Tract 1.02,29962,103008,warning,24.4,36.1,35304,0,2029476.91,817889.37,,
Tract 1.02,29962,103058,warning,15.4,29.6,12914,0,2028944.46,817311.8,,
Tract 1.02,29962,103113,warning,20.9,45.2,53467,0,2027720.77,818036.98,,
Tract 1.02,29962,103114,review_required,20.4,18.8,13830,0,2027912.99,817973.13,,
Tract 1.02,29962,103189,review_required,6.3,0.0,13309,1,2025189.86,819662.89,,
Tract 1.02,29962,103266,review_required,0.0,0.0,12973,1,2024743.5,819694.16,,
Tract 1.02,29962,103271,warning,21.0,30.8,35089,0,2025229.35,817874.99,,
Tract 1.02,29962,103274,warning,0.0,32.1,35089,0,2025557.95,818243.75,,
Tract 1.02,29962,103287,warning,25.8,35.3,12129,0,2026492.13,817885.78,,
Tract 1.02,29962,103293,warning,20.4,35.0,12134,0,2026752.69,817928.0,,
Tract 1.02,29962,103336,warning,24.3,34.1,12121,0,2027098.29,817934.88,,
Tract 1.02,29962,103961,warning,0.0,34.6,64654,0,2021793.26,822811.72,,
Tract 1.02,29962,104897,warning,0.0,20.9,12690,0,2030349.52,819399.76,,
Tract 1.02,29962,104899,warning,22.4,23.7,12690,0,2030548.7,819393.81,,
Tract 1.02,29962,104904,warning,21.3,23.1,12683,0,2030727.42,819334.05,,
Tract 1.02,29962,104915,warning,20.1,40.8,64808,0,2029731.95,819501.9,,
Tract 1.02,29962,104930,review_required,20.0,0.8,64808,0,2029901.19,819529.34,,
Tract 1.02,29962,104973,warning,18.6,23.2,34616,0,2030143.61,818336.62,,
Tract 1.02,29962,104974,warning,18.0,23.2,34616,0,2030152.5,818411.23,,
Tract 1.02,29962,104979,review_required,27.6,22.3,56845,0,2030426.7,818774.36,,
Tract 1.02,29962,105734,review_required,29.9,23.4,11931,0,2030899.25,823628.41,,
Tract 1.02,29962,106003,review_required,0.0,0.0,11231,1,2026843.76,825956.63,,
Tract 1.02,29962,106008,review_required,27.5,0.0,33526,1,2027281.13,825352.78,,
Tract 1.02,29962,106010,review_required,31.3,23.1,33526,0,2027280.05,825472.35,,
Tract 1.02,29962,106370,warning,23.5,42.0,10416,0,2026750.31,829337.81,,
Tract 1.02,29962,106375,warning,27.6,28.5,10450,0,2026806.99,828430.22,,
Tract 1.02,29962,106395,review_required,26.2,2.7,10449,0,2026161.0,828865.94,,
Tract 1.02,29962,106396,warning,0.0,20.5,10455,0,2026384.49,828324.03,,
Tract 1.02,29962,106579,review_required,7.5,0.0,11147,1,2031016.56,825790.09,,
Tract 1.02,29962,106580,review_required,7.5,0.0,11031,1,2030886.61,825724.46,,
Tract 1.02,29962,106585,review_required,29.9,13.5,33237,0,2031083.17,825337.5,,
Tract 1.02,29962,106596,warning,0.0,34.8,11031,0,2030724.56,825644.25,,
Tract 1.02,29962,106627,warning,0.0,29.2,11029,0,2030809.98,826381.53,,
Tract 1.02,29962,106628,warning,3.6,35.4,11029,0,2030808.36,825912.06,,
Tract 1.02,29962,106791,review_required,1.1,0.0,10456,1,2026930.61,828905.94,,
Tract 1.02,29962,106792,review_required,0.0,0.0,10456,1,2026961.71,828658.18,,
Tract 1.02,29962,108935,warning,25.0,31.4,10941,0,2031179.65,827426.79,,
Tract 1.02,29962,109304,warning,34.0,47.0,11948,0,2031341.78,822776.65,,
Tract 1.02,29962,109308,review_required,29.1,17.2,11738,0,2031529.04,822537.16,,
Tract 1.02,29962,109319,warning,30.3,38.6,11931,0,2030831.37,823451.16,,
Tract 1.02,29962,109340,warning,30.0,45.7,11948,0,2031102.56,822752.09,,
Tract 1.02,29962,109368,review_required,24.6,16.4,11737,0,2031488.66,822392.08,,
Tract 1.02,29962,110053,warning,23.0,27.6,51969,0,2031094.24,820384.72,,
Tract 1.02,29962,110054,warning,23.0,27.6,51969,0,2031094.24,820384.72,,
Tract 1.02,29962,110055,warning,23.0,27.6,51969,0,2031094.24,820384.72,,
Tract 1.02,29962,110056,warning,23.0,27.6,51969,0,2031094.24,820384.72,,
Tract 1.02,29962,110057,warning,23.0,27.6,51969,0,2031094.24,820384.72,,
Tract 1.02,29962,110070,review_required,41.2,28.1,11839,0,2031188.26,820787.03,,
Tract 1.02,29962,110171,warning,23.0,26.9,51969,0,2031073.36,820229.59,,
Tract 1.02,29962,110184,warning,16.8,30.0,12919,0,2030870.74,819467.9,,
Tract 1.02,29962,110185,warning,20.0,30.9,12919,0,2030866.18,819545.23,,
Tract 1.02,29962,110189,warning,19.8,29.4,13834,0,2030915.61,819917.85,,
Tract 1.02,29962,113949,warning,10.7,33.3,13303,0,2024786.73,818054.97,,
Tract 1.02,29962,113960,warning,6.7,26.7,13303,0,2024784.88,817889.6,,
Tract 1.02,29962,113965,warning,1.3,28.1,35268,0,2024931.3,817838.66,,
Tract 1.02,29962,113966,warning,12.2,27.3,35268,0,2025057.1,817877.84,,
Tract 1.02,29962,113967,review_required,30.1,26.5,35268,0,2025075.91,817807.34,,
Tract 1.02,29962,119620,warning,32.5,35.6,58923,0,2015711.84,826257.34,,
Tract 1.02,29962,119693,warning,22.3,29.2,10052,0,2031288.71,829024.84,,
Tract 1.02,29962,119694,warning,27.8,29.3,10051,0,2031386.53,829051.0,,
Tract 1.02,29962,119698,review_required,36.2,29.6,10051,0,2031587.3,829043.19,,
Tract 1.02,29962,119725,warning,15.8,27.5,10053,0,2031082.82,828966.84,,
Tract 1.02,29962,119918,warning,35.1,42.8,08216,0,2032430.61,829066.4,,
Tract 1.02,29962,119927,review_required,43.5,31.3,10300,0,2031910.8,828936.81,,
Tract 1.02,29962,125240,review_required,25.0,0.0,58921,1,2015308.68,825801.02,,
Tract 1.02,29962,125632,review_required,45.8,6.9,54391,0,2019166.37,831329.94,,
Tract 1.02,29962,125633,warning,22.8,44.2,54391,0,2019163.4,831233.88,,
Tract 1.02,29962,125954,warning,8.6,39.0,05646,0,2025373.04,833948.84,,
Tract 1.02,29962,125968,warning,18.8,48.5,05638,0,2025932.5,833965.88,,
Tract 1.02,29962,125987,warning,40.3,43.2,05636,0,2026181.46,833963.0,,
Tract 1.02,29962,126478,review_required,20.4,5.9,10538,0,2021064.89,831271.84,,
Tract 1.02,29962,126501,review_required,49.9,28.3,10530,0,2022039.11,831463.97,,
Tract 1.02,29962,126502,review_required,34.3,9.5,10530,0,2022009.44,831419.94,,
Tract 1.02,29962,126570,review_required,40.9,25.2,30220,0,2022043.94,831740.94,,
Tract 1.02,29962,127999,warning,16.0,44.6,05483,0,2027305.12,835409.97,,
Tract 1.02,29962,128074,warning,27.8,37.3,05640,0,2026888.52,834147.72,,
Tract 1.02,29962,128518,warning,4.5,29.7,09977,0,2031496.3,831659.15,,
Tract 1.02,29962,128525,review_required,32.4,2.6,31549,0,2031757.78,831430.09,,
Tract 1.02,29962,128530,review_required,33.1,30.6,07257,0,2031961.25,831047.03,,
Tract 1.02,29962,128549,warning,28.1,46.1,08106,0,2032160.94,830518.97,,
Tract 1.02,29962,128555,review_required,0.0,0.0,54794,1,2030168.34,830361.5,,
Tract 1.02,29962,128576,warning,39.6,45.1,08112,0,2032235.36,830092.21,,
Tract 1.02,29962,128579,warning,29.8,45.8,08112,0,2032186.49,830372.99,,
Tract 1.02,29962,128597,warning,22.5,48.1,08186,0,2032307.16,829668.82,,
Tract 1.02,29962,128638,warning,33.6,44.1,08216,0,2032412.28,829223.06,,
Tract 1.02,29962,128639,warning,0.0,44.2,08216,0,2032261.06,829289.96,,
Tract 1.02,29962,128641,warning,34.6,44.4,08162,0,2032341.69,829482.75,,
Tract 1.02,29962,128646,review_required,27.8,13.8,10300,0,2031704.14,829046.84,,
Tract 1.02,29962,128649,warning,18.6,26.8,10300,0,2031863.75,829130.97,,
Tract 1.02,29962,130647,warning,22.5,26.9,55745,0,2018251.66,831920.69,,
Tract 1.02,29962,130677,review_required,0.0,0.0,55743,1,2018146.99,831654.8,,
Tract 1.02,29962,130687,warning,0.0,49.8,55743,0,2018012.26,831279.13,,
Tract 1.02,29962,172214,review_required,32.9,0.3,56699,0,2029934.72,833457.43,,
Tract 1.02,29962,172250,review_required,5.8,0.0,05368,1,2029591.84,835126.04,,
Tract 1.02,29962,172256,review_required,35.3,0.7,56698,0,2029753.94,833860.55,,
Tract 1.02,29962,172270,warning,33.4,35.3,05408,0,2029691.72,834004.76,,
Tract 1.02,29962,174023,review_required,7.7,4.4,06950,0,2012794.78,834741.74,,
Tract 1.02,29962,174024,review_required,35.5,4.9,06950,0,2012879.57,834975.11,,
Tract 1.02,29962,174136,warning,47.0,49.3,07150,0,2011914.44,832600.4,,
Tract 1.02,29962,174893,review_required,47.2,24.2,14314,0,2008624.57,828089.47,,
Tract 1.02,29962,175250,warning,18.8,24.2,14056,0,2007247.2,830786.59,,
Tract 1.02,29962,175258,review_required,18.6,0.0,14056,1,2007320.07,830611.09,,
Tract 1.02,29962,175290,review_required,0.0,0.0,53335,1,2009728.05,827811.65,,
Tract 1.02,29962,175298,warning,10.2,41.5,52859,0,2009856.96,828619.55,,
Tract 1.02,29962,175414,warning,0.0,48.8,64017,0,2006032.81,830537.53,,
Tract 1.02,29962,195439,warning,0.0,16.8,50791,0,2021971.88,822315.25,,
Tract 1.02,29962,203418,review_required,28.7,18.3,12815,0,2029445.03,817439.93,,
Tract 1.02,29962,203419,review_required,28.7,18.3,12815,0,2029445.03,817439.93,,
Tract 1.02,29962,203420,review_required,28.7,18.3,12815,0,2029445.03,817439.93,,
Tract 1.02,29962,204615,review_required,0.0,0.0,14509,1,2006170.88,825762.69,,
Tract 1.02,29962,215185,warning,0.0,14.9,14819,0,2005099.72,829253.72,,
Tract 1.02,29962,218136,review_required,0.0,0.0,13235,1,2010430.49,829783.33,,
Tract 1.02,29962,219554,review_required,44.4,9.4,55744,0,2018220.08,831441.59,,
Tract 1.02,29962,221306,warning,20.7,45.2,53467,0,2027853.98,817973.74,,
Tract 1.02,29962,222390,review_required,36.6,0.0,56696,1,2029902.56,833755.36,,
Tract 1.02,29962,225827,review_required,24.2,7.5,57000,0,2029225.35,817358.79,,
Tract 1.02,29962,225828,review_required,24.2,7.5,57000,0,2029225.35,817358.79,,
Tract 1.02,29962,225829,review_required,24.2,7.5,57000,0,2029225.35,817358.79,,
Tract 1.02,29962,225830,review_required,24.2,7.5,57000,0,2029225.35,817358.79,,
Tract 1.02,29962,225831,review_required,24.2,7.5,57000,0,2029225.35,817358.79,,
Tract 1.02,29962,225832,review_required,24.2,7.5,57000,0,2029225.35,817358.79,,
Tract 1.02,29962,225833,review_required,24.2,7.5,57000,0,2029225.35,817358.79,,
Tract 1.02,29962,225834,review_required,24.2,7.5,57000,0,2029225.35,817358.79,,
Tract 1.02,29962,225836,review_required,24.2,7.5,57000,0,2029225.35,817358.79,,
Tract 1.02,29962,225837,review_required,24.2,7.5,57000,0,2029225.35,817358.79,,
Tract 1.02,29962,225838,review_required,24.2,7.5,57000,0,2029225.35,817358.79,,
Tract 1.02,29962,225839,review_required,24.2,7.5,57000,0,2029225.35,817358.79,,
Tract 1.02,29962,225840,review_required,24.2,7.5,57000,0,2029225.35,817358.79,,
Tract 1.02,29962,225841,review_required,24.2,7.5,57000,0,2029225.35,817358.79,,
Tract 1.02,29962,225842,review_required,24.2,7.5,57000,0,2029225.35,817358.79,,
Tract 1.02,29962,225843,review_required,24.2,7.5,57000,0,2029225.35,817358.79,,
Tract 1.02,29962,225844,review_required,24.2,7.5,57000,0,2029225.35,817358.79,,
Tract 1.02,29962,225845,review_required,24.2,7.5,57000,0,2029225.35,817358.79,,
Tract 1.02,29962,225846,review_required,24.2,7.5,57000,0,2029225.35,817358.79,,
Tract 1.02,29962,225847,review_required,24.2,7.5,57000,0,2029225.35,817358.79,,
Tract 1.02,29962,225848,review_required,24.2,7.5,57000,0,2029225.35,817358.79,,
Tract 1.02,29962,225849,review_required,24.2,7.5,57000,0,2029225.35,817358.79,,
Tract 1.02,29962,225850,review_required,24.2,7.5,57000,0,2029225.35,817358.79,,
Tract 1.02,29962,225851,review_required,24.2,7.5,57000,0,2029225.35,817358.79,,
Tract 1.02,29962,225852,review_required,24.2,7.5,57000,0,2029225.35,817358.79,,
Tract 1.02,29962,225853,review_required,24.2,7.5,57000,0,2029225.35,817358.79,,
Tract 1.02,29962,225854,review_required,24.2,7.5,57000,0,2029225.35,817358.79,,
Tract 1.02,29962,225855,review_required,24.2,7.5,57000,0,2029225.35,817358.79,,
Tract 1.02,29962,225856,review_required,24.2,7.5,57000,0,2029225.35,817358.79,,
Tract 1.02,29962,225857,review_required,24.2,7.5,57000,0,2029225.35,817358.79,,
Tract 1.02,29962,225858,review_required,24.2,7.5,57000,0,2029225.35,817358.79,,
Tract 1.02,29962,225859,review_required,24.2,7.5,57000,0,2029225.35,817358.79,,
Tract 1.02,29962,225860,review_required,24.2,7.5,57000,0,2029225.35,817358.79,,
Tract 1.02,29962,225861,review_required,24.2,7.5,57000,0,2029225.35,817358.79,,
Tract 1.02,29962,225862,review_required,24.2,7.5,57000,0,2029225.35,817358.79,,
Tract 1.02,29962,225863,review_required,24.2,7.5,57000,0,2029225.35,817358.79,,
Tract 1.02,29962,225864,review_required,24.2,7.5,57000,0,2029225.35,817358.79,,
Tract 1.02,29962,230370,review_required,28.7,3.0,06950,0,2012864.43,834574.89,,
Tract 1.02,29962,231817,warning,2.9,39.4,12690,0,2030265.17,819308.95,,
Tract 1.02,29962,231818,warning,3.1,28.8,12690,0,2030286.09,819309.32,,
Tract 1.02,29962,231819,warning,3.6,25.5,12690,0,2030307.33,819320.68,,
Tract 1.02,29962,231820,warning,0.0,25.7,12690,0,2030325.58,819294.76,,
Tract 1.02,29962,231821,warning,0.0,26.8,12690,0,2030348.41,819305.55,,
Tract 1.02,29962,231822,warning,0.0,26.9,12690,0,2030365.08,819299.67,,
Tract 1.02,29962,231823,warning,9.0,26.9,12690,0,2030381.94,819292.59,,
Tract 1.02,29962,232719,review_required,0.0,0.0,11937,1,2030068.33,822102.62,,
Tract 1.02,29962,232722,review_required,0.0,0.0,14509,1,2006170.88,825762.69,,
Tract 1.02,29962,233651,warning,16.8,19.3,12899,0,2030484.41,818992.34,,
Tract 1.02,29962,235069,review_required,27.6,22.3,56845,0,2030426.7,818774.36,,
Tract 1.02,29962,235070,review_required,27.6,22.3,56845,0,2030426.7,818774.36,,
Tract 1.02,29962,235071,review_required,27.6,22.3,56845,0,2030426.7,818774.36,,
Tract 1.02,29962,235072,review_required,27.6,22.3,56845,0,2030426.7,818774.36,,
Tract 1.02,29962,235073,review_required,27.6,22.3,56845,0,2030426.7,818774.36,,
Tract 1.02,29962,235074,review_required,27.6,22.3,56845,0,2030426.7,818774.36,,
Tract 1.02,29962,235075,review_required,27.6,22.3,56845,0,2030426.7,818774.36,,
Tract 1.02,29962,235076,review_required,27.6,22.3,56845,0,2030426.7,818774.36,,
Tract 1.02,29962,235077,review_required,27.6,22.3,56845,0,2030426.7,818774.36,,
Tract 1.02,29962,235078,review_required,27.6,22.3,56845,0,2030426.7,818774.36,,
Tract 1.02,29962,235079,review_required,27.6,22.3,56845,0,2030426.7,818774.36,,
Tract 1.02,29962,235080,review_required,27.6,22.3,56845,0,2030426.7,818774.36,,
Tract 1.02,29962,235081,review_required,27.6,22.3,56845,0,2030426.7,818774.36,,
Tract 1.02,29962,235082,review_required,27.6,22.3,56845,0,2030426.7,818774.36,,
Tract 1.02,29962,235083,review_required,27.6,22.3,56845,0,2030426.7,818774.36,,
Tract 1.02,29962,235084,review_required,27.6,22.3,56845,0,2030426.7,818774.36,,
Tract 1.02,29962,235085,review_required,27.6,22.3,56845,0,2030426.7,818774.36,,
Tract 1.02,29962,235086,review_required,27.6,22.3,56845,0,2030426.7,818774.36,,
Tract 1.02,29962,235606,review_required,28.7,18.3,12815,0,2029445.03,817439.93,,
Tract 1.02,29962,237243,review_required,19.2,0.0,64669,1,2021611.64,822437.25,,
Tract 1.02,29962,238614,warning,21.8,22.9,65302,0,2011720.09,831455.89,,
Tract 1.02,29962,238621,warning,19.8,33.0,65302,0,2011743.56,831617.55,,
Tract 1.02,29962,238625,warning,22.8,23.6,65294,0,2011565.36,832081.42,,
Tract 1.02,29962,238645,review_required,48.3,32.2,65294,0,2011497.72,832248.03,,
Tract 1.02,29962,238646,review_required,0.0,0.0,65299,1,2011237.94,830845.99,,
Tract 1.02,29962,238649,warning,22.3,33.9,65297,0,2011452.31,831812.59,,
Tract 1.02,29962,243543,warning,23.5,26.0,64808,0,2029920.51,819685.19,,
Tract 1.02,29962,243586,warning,24.0,35.0,12896,0,2028330.75,818062.85,,
Tract 1.02,29962,243588,warning,24.0,35.0,12896,0,2028330.75,818062.85,,
Tract 1.02,29962,243589,warning,24.0,35.0,12896,0,2028330.75,818062.85,,
Tract 1.02,29962,243590,warning,24.0,35.0,12896,0,2028330.75,818062.85,,
Tract 1.02,29962,243591,warning,24.0,35.0,12896,0,2028330.75,818062.85,,
Tract 1.02,29962,243592,warning,24.0,35.0,12896,0,2028330.75,818062.85,,
Tract 1.02,29962,243593,warning,24.0,35.0,12896,0,2028330.75,818062.85,,
Tract 1.02,29962,243594,warning,24.0,35.0,12896,0,2028330.75,818062.85,,
Tract 1.02,29962,243595,warning,24.0,35.0,12896,0,2028330.75,818062.85,,
Tract 1.02,29962,243596,warning,24.0,35.0,12896,0,2028330.75,818062.85,,
Tract 1.02,29962,243597,warning,24.0,35.0,12896,0,2028330.75,818062.85,,
Tract 1.02,29962,243598,warning,24.0,35.0,12896,0,2028330.75,818062.85,,
Tract 1.02,29962,243599,warning,24.0,35.0,12896,0,2028330.75,818062.85,,
Tract 1.02,29962,243600,warning,24.0,35.0,12896,0,2028330.75,818062.85,,
Tract 1.02,29962,243601,warning,24.0,35.0,12896,0,2028330.75,818062.85,,
Tract 1.02,29962,243602,warning,24.0,35.0,12896,0,2028330.75,818062.85,,
Tract 1.02,29962,243603,warning,24.0,35.0,12896,0,2028330.75,818062.85,,
Tract 1.02,29962,243604,warning,24.0,35.0,12896,0,2028330.75,818062.85,,
Tract 1.02,29962,243605,warning,24.0,35.0,12896,0,2028330.75,818062.85,,
Tract 1.02,29962,243606,warning,24.0,35.0,12896,0,2028330.75,818062.85,,
Tract 1.02,29962,243607,warning,24.0,35.0,12896,0,2028330.75,818062.85,,
Tract 1.02,29962,243608,warning,24.0,35.0,12896,0,2028330.75,818062.85,,
Tract 1.02,29962,243609,warning,24.0,35.0,12896,0,2028330.75,818062.85,,
Tract 1.02,29962,243610,warning,24.0,35.0,12896,0,2028330.75,818062.85,,
Tract 1.02,29962,243611,warning,24.0,35.0,12896,0,2028330.75,818062.85,,
Tract 1.02,29962,243612,warning,24.0,35.0,12896,0,2028330.75,818062.85,,
Tract 1.02,29962,243613,warning,24.0,35.0,12896,0,2028330.75,818062.85,,
Tract 1.02,29962,243614,warning,24.0,35.0,12896,0,2028330.75,818062.85,,
Tract 1.02,29962,243615,warning,24.0,35.0,12896,0,2028330.75,818062.85,,
Tract 1.02,29962,243616,warning,24.0,35.0,12896,0,2028330.75,818062.85,,
Tract 1.02,29962,243617,warning,24.0,35.0,12896,0,2028330.75,818062.85,,
Tract 1.02,29962,243618,warning,24.0,35.0,12896,0,2028330.75,818062.85,,
Tract 1.02,29962,243619,warning,24.0,35.0,12896,0,2028330.75,818062.85,,
Tract 1.02,29962,243620,warning,24.0,35.0,12896,0,2028330.75,818062.85,,
Tract 1.02,29962,243621,warning,24.0,35.0,12896,0,2028330.75,818062.85,,
Tract 1.02,29962,243622,warning,24.0,35.0,12896,0,2028330.75,818062.85,,
Tract 1.02,29962,243623,warning,24.0,35.0,12896,0,2028330.75,818062.85,,
Tract 1.02,29962,243624,warning,24.0,35.0,12896,0,2028330.75,818062.85,,
Tract 1.02,29962,243625,warning,24.0,35.0,12896,0,2028330.75,818062.85,,
Tract 1.02,29962,243626,warning,24.0,35.0,12896,0,2028330.75,818062.85,,
Tract 1.02,29962,243627,warning,24.0,35.0,12896,0,2028330.75,818062.85,,
Tract 1.02,29962,243628,warning,24.0,35.0,12896,0,2028330.75,818062.85,,
Tract 1.02,29962,243629,warning,24.0,35.0,12896,0,2028330.75,818062.85,,
Tract 1.02,29962,243630,warning,24.0,35.0,12896,0,2028330.75,818062.85,,
Tract 1.02,29962,243631,warning,24.0,35.0,12896,0,2028330.75,818062.85,,
Tract 1.02,29962,243632,warning,24.0,35.0,12896,0,2028330.75,818062.85,,
Tract 1.02,29962,243633,warning,24.0,35.0,12896,0,2028330.75,818062.85,,
Tract 1.02,29962,243634,warning,24.0,35.0,12896,0,2028330.75,818062.85,,
Tract 1.02,29962,243635,warning,24.0,35.0,12896,0,2028330.75,818062.85,,
Tract 1.02,29962,243636,warning,24.0,35.0,12896,0,2028330.75,818062.85,,
Tract 1.02,29962,243637,warning,24.0,35.0,12896,0,2028330.75,818062.85,,
Tract 1.02,29962,243638,warning,24.0,35.0,12896,0,2028330.75,818062.85,,
Tract 1.02,29962,243639,warning,24.0,35.0,12896,0,2028330.75,818062.85,,
Tract 1.02,29962,243640,warning,24.0,35.0,12896,0,2028330.75,818062.85,,
Tract 1.02,29962,243641,warning,24.0,35.0,12896,0,2028330.75,818062.85,,
Tract 1.02,29962,243642,warning,24.0,35.0,12896,0,2028330.75,818062.85,,
Tract 1.02,29962,243643,warning,24.0,35.0,12896,0,2028330.75,818062.85,,
Tract 1.02,29962,243644,warning,24.0,35.0,12896,0,2028330.75,818062.85,,
Tract 10.02,30659,111046,review_required,20.5,17.0,09798,0,2035038.18,817671.41,,
Tract 10.02,30659,111067,warning,27.0,43.6,09747,0,2035405.25,818408.12,,
Tract 10.02,30659,111212,review_required,19.4,15.9,09887,0,2035227.99,817150.68,,
Tract 10.02,30659,111220,review_required,24.7,23.1,09812,0,2035064.5,817508.45,,
Tract 10.02,30659,112179,review_required,45.5,11.8,16092,0,2036054.18,811732.22,,
Tract 10.02,30659,112180,warning,14.2,42.3,16092,0,2036097.75,811782.38,,
Tract 10.02,30659,112192,review_required,30.8,24.3,17229,0,2036160.62,812317.18,,
Tract 10.02,30659,112287,review_required,43.1,25.8,15280,0,2036740.94,813242.48,,
Tract 10.02,30659,112398,review_required,32.5,23.8,15325,0,2036460.58,812743.18,,
Tract 10.02,30659,112410,review_required,26.0,25.8,15275,0,2036580.5,813138.69,,
Tract 10.02,30659,112447,review_required,37.0,22.9,15325,0,2036338.61,812507.1,,
Tract 10.02,30659,112460,review_required,47.5,26.0,15325,0,2036435.45,812573.41,,
Tract 10.02,30659,112511,warning,18.4,30.9,15281,0,2036717.02,813829.28,,
Tract 10.02,30659,112534,warning,21.4,22.4,15234,0,2036184.41,814541.43,,
Tract 10.02,30659,112553,review_required,24.9,21.5,15279,0,2036549.52,813860.59,,
Tract 10.02,30659,112709,warning,19.0,30.5,09708,0,2036328.71,816005.84,,
Tract 10.02,30659,112741,warning,21.7,31.2,15598,0,2036041.51,815497.31,,
Tract 10.02,30659,112750,warning,25.2,28.3,09722,0,2036219.93,816023.69,,
Tract 10.02,30659,112769,review_required,46.6,14.7,15598,0,2035843.77,815487.75,,
Tract 10.02,30659,112851,review_required,25.6,11.8,15586,0,2035642.56,815111.9,,
Tract 10.02,30659,112866,review_required,25.7,13.5,09718,0,2036519.17,816758.15,,
Tract 10.02,30659,112870,review_required,22.9,14.9,09707,0,2036497.43,816418.31,,
Tract 10.02,30659,112939,review_required,25.0,14.9,09708,0,2036490.87,816305.84,,
Tract 10.02,30659,112942,review_required,25.9,15.1,09708,0,2036482.53,816106.5,,
Tract 10.02,30659,113083,review_required,49.3,19.6,09716,0,2036471.12,816950.18,,
Tract 10.02,30659,113084,review_required,28.9,26.6,09716,0,2036596.96,816970.28,,
Tract 10.02,30659,113117,review_required,20.7,17.9,09717,0,2036127.25,816988.22,,
Tract 10.02,30659,113185,review_required,22.4,18.4,35010,0,2035527.28,816989.37,,
Tract 10.02,30659,113192,review_required,24.8,18.0,09935,0,2035972.39,817036.12,,
Tract 10.02,30659,113294,review_required,35.1,11.1,10148,0,2036236.08,819820.63,,
Tract 10.02,30659,113296,review_required,43.2,11.4,09548,0,2036186.86,819900.44,,
Tract 10.02,30659,113330,review_required,22.0,5.8,09751,0,2035428.8,818523.62,,
Tract 10.02,30659,114566,review_required,32.7,14.1,16092,0,2036208.05,811661.44,,
Tract 10.02,30659,115436,warning,17.1,25.3,08783,0,2037050.91,821182.53,,
Tract 10.02,30659,118823,review_required,42.9,25.6,16108,0,2039082.34,809604.43,,
Tract 10.02,30659,118825,review_required,43.5,27.8,16108,0,2039036.25,809742.16,,
Tract 10.02,30659,120382,review_required,26.9,25.0,08783,0,2037593.13,821631.71,,
Tract 10.02,30659,120432,review_required,41.3,17.2,09068,0,2036326.17,819954.31,,
Tract 10.02,30659,120434,review_required,37.2,17.2,09068,0,2036446.16,819996.81,,
Tract 10.02,30659,120435,review_required,39.0,30.3,09068,0,2036489.09,820035.22,,
Tract 10.02,30659,120507,review_required,10.8,9.3,63127,0,2039219.65,819958.16,,
Tract 10.02,30659,120581,review_required,17.5,16.2,09487,0,2039391.77,819371.75,,
Tract 10.02,30659,120607,review_required,24.0,15.4,09483,0,2039278.9,819497.49,,
Tract 10.02,30659,130135,warning,0.0,14.8,50483,0,2038366.95,820749.03,,
Tract 10.02,30659,130136,review_required,10.5,0.0,50483,1,2038450.61,821400.65,,
Tract 10.02,30659,130137,warning,0.0,45.0,09010,0,2038965.14,821004.19,,
Tract 10.02,30659,130140,warning,10.5,11.3,50483,0,2038222.51,821172.06,,
Tract 10.02,30659,130141,review_required,0.0,0.0,50483,1,2038205.58,820692.91,,
Tract 10.02,30659,130320,warning,30.2,45.2,55815,0,2040201.36,817796.59,,
Tract 10.02,30659,130326,review_required,26.7,0.0,55815,1,2040148.91,818783.81,,
Tract 10.02,30659,130343,warning,35.0,39.7,15079,0,2040003.53,815792.34,,
Tract 10.02,30659,130556,review_required,37.0,0.0,15978,1,2041601.98,811032.66,,
Tract 10.02,30659,159313,warning,24.1,43.2,09447,0,2042259.6,816759.81,,
Tract 10.02,30659,159520,review_required,37.9,12.3,09418,0,2041216.16,817343.47,,
Tract 10.02,30659,196966,review_required,31.9,0.0,08994,1,2036165.38,820966.95,,
Tract 10.02,30659,218535,review_required,36.7,19.9,16115,0,2039499.22,808820.86,,
Tract 10.02,30659,222398,review_required,28.1,24.3,15281,0,2036723.96,813687.84,,
Tract 10.02,30659,235316,warning,0.0,6.1,08999,0,2038965.12,820329.42,,
Tract 10.02,30659,235428,review_required,0.0,0.0,09454,1,2040041.41,816689.75,,
Tract 10.02,30659,239000,review_required,24.1,19.3,15367,0,2035724.95,814809.26,,
Tract 10.02,30659,240615,review_required,24.9,21.5,15279,0,2036549.52,813860.59,,
Tract 20.29,30804,124749,review_required,18.9,7.4,51230,0,2013659.72,824281.32,,
Tract 20.29,30804,137546,review_required,0.0,0.0,21331,1,2010291.19,816135.23,,
Tract 20.29,30804,137685,review_required,29.0,0.0,50416,1,2009588.79,819151.28,,
Tract 20.29,30804,137743,warning,0.0,37.4,14797,0,2003569.73,816143.88,,
Tract 20.29,30804,138392,warning,5.9,9.6,21945,0,2008196.63,811997.72,,
Tract 20.29,30804,138443,warning,8.8,42.6,21734,0,2002511.35,812940.15,,
Tract 20.29,30804,138509,review_required,0.0,0.0,34268,1,2001485.6,809969.56,,
Tract 20.29,30804,140089,review_required,19.6,0.0,34051,1,2006803.39,803301.84,,
Tract 20.29,30804,140112,review_required,0.0,0.0,22932,1,2006541.73,804199.5,,
Tract 20.29,30804,140113,review_required,0.0,0.0,22932,1,2006221.39,803813.35,,
Tract 20.29,30804,174893,warning,24.2,47.2,14014,0,2008624.57,828089.47,,
Tract 20.29,30804,175290,review_required,0.0,0.0,14033,1,2009728.05,827811.65,,
Tract 20.29,30804,175298,review_required,41.5,10.2,13982,0,2009856.96,828619.55,,
Tract 20.29,30804,175360,review_required,31.1,22.3,14344,0,2009843.13,826377.88,,
Tract 20.29,30804,175361,review_required,0.0,0.0,14344,1,2009815.65,826562.04,,
Tract 20.29,30804,175362,warning,5.6,20.1,14344,0,2009922.04,826565.86,,
Tract 20.29,30804,204615,review_required,0.0,0.0,14123,1,2006170.88,825762.69,,
Tract 20.29,30804,207488,review_required,49.4,19.0,51634,0,2008799.01,813028.73,,
Tract 20.29,30804,207502,review_required,47.5,28.3,51634,0,2008976.17,813171.35,,
Tract 20.29,30804,207503,review_required,47.4,0.0,51641,1,2009363.67,813089.47,,
Tract 20.29,30804,218136,review_required,0.0,0.0,13226,1,2010430.49,829783.33,,
Tract 20.29,30804,232722,review_required,0.0,0.0,14123,1,2006170.88,825762.69,,
Tract 20.29,30804,232757,review_required,0.0,0.0,21331,1,2010291.19,816135.23,,
Tract 18.08,30976,164643,review_required,18.5,0.0,63305,1,2057229.49,800585.61,,
Tract 18.08,30976,165273,warning,5.1,13.2,65413,0,2056717.65,804122.54,,
Tract 18.08,30976,165281,warning,5.4,47.6,00354,0,2056959.9,805255.52,,
Tract 18.08,30976,165284,warning,20.0,49.3,00362,0,2057279.4,806029.54,,
Tract 18.08,30976,210536,review_required,0.0,0.0,34273,1,2059031.4,804731.05,,
Tract 18.08,30976,225252,review_required,43.9,26.6,60861,0,2055633.93,801095.0,,
Tract 18.08,30976,225314,review_required,19.9,16.2,60860,0,2055531.01,801011.91,,
Tract 18.08,30976,225315,warning,43.9,49.5,60861,0,2056038.28,801252.49,,
Tract 3.01,31067,100000,review_required,0.0,0.0,57145,1,2024827.97,821124.0,,
Tract 3.01,31067,100059,review_required,31.0,30.0,11981,0,2025311.37,823213.28,,
Tract 3.01,31067,100099,warning,29.2,30.0,11986,0,2025175.71,823721.09,,
Tract 3.01,31067,100361,review_required,48.1,28.2,11381,0,2025231.06,824889.62,,
Tract 3.01,31067,100362,review_required,29.9,28.2,11381,0,2025233.37,824939.56,,
Tract 3.01,31067,100363,warning,11.8,28.2,11381,0,2025235.69,824989.51,,
Tract 3.01,31067,100364,warning,0.0,28.1,11381,0,2025237.91,825037.46,,
Tract 3.01,31067,100479,warning,31.0,31.5,13818,0,2025184.87,823831.06,,
Tract 3.01,31067,100490,warning,29.6,30.4,11296,0,2025210.93,824380.37,,
Tract 3.01,31067,100618,warning,29.9,44.5,11544,0,2023133.3,825107.4,,
Tract 3.01,31067,100805,review_required,28.6,0.0,11519,1,2023464.34,825826.97,,
Tract 3.01,31067,100816,review_required,28.7,27.9,11266,0,2024751.74,825515.34,,
Tract 3.01,31067,100817,warning,27.9,40.6,11266,0,2024749.53,825467.87,,
Tract 3.01,31067,100843,review_required,29.5,16.6,11368,0,2024923.93,825990.22,,
Tract 3.01,31067,100862,warning,32.0,43.4,11266,0,2024539.79,825482.56,,
Tract 3.01,31067,100863,review_required,32.5,32.0,11266,0,2024542.02,825532.56,,
Tract 3.01,31067,100868,warning,25.3,31.0,11364,0,2024043.47,825710.66,,
Tract 3.01,31067,100881,review_required,31.5,30.9,11269,0,2024184.07,825474.72,,
Tract 3.01,31067,101549,warning,18.5,25.1,11508,0,2021749.31,824755.69,,
Tract 3.01,31067,101554,warning,20.5,23.0,11555,0,2021998.34,824740.0,,
Tract 3.01,31067,101605,review_required,27.0,20.4,11508,0,2021769.28,824585.19,,
Tract 3.01,31067,101607,review_required,47.3,21.1,11508,0,2021793.69,824431.84,,
Tract 3.01,31067,101635,review_required,25.7,23.2,11509,0,2021377.13,823985.62,,
Tract 3.01,31067,101645,warning,23.0,24.6,11508,0,2021595.56,824390.66,,
Tract 3.01,31067,101663,warning,22.5,36.0,11512,0,2021081.34,823972.18,,
Tract 3.01,31067,101664,warning,23.5,40.7,11509,0,2021230.64,823966.22,,
Tract 3.01,31067,101833,warning,0.0,31.3,64653,0,2022392.73,822976.84,,
Tract 3.01,31067,103709,warning,20.6,24.9,11518,0,2020198.98,824656.5,,
Tract 3.01,31067,103749,warning,20.8,47.9,13158,0,2020123.61,824400.08,,
Tract 3.01,31067,103752,warning,20.2,48.2,52884,0,2020105.88,824646.45,,
Tract 3.01,31067,103780,review_required,23.4,22.5,62335,0,2020217.18,824325.1,,
Tract 3.01,31067,103795,warning,21.9,39.3,11512,0,2020871.03,823979.19,,
Tract 3.01,31067,103838,review_required,35.2,15.1,13867,0,2019587.9,824014.53,,
Tract 3.01,31067,103961,warning,0.0,34.6,64654,0,2021793.26,822811.72,,
Tract 3.01,31067,106037,review_required,30.3,9.9,11196,0,2025128.02,826035.95,,
Tract 3.01,31067,106061,review_required,0.0,0.0,62310,1,2025379.63,825665.82,,
Tract 3.01,31067,195439,warning,0.0,16.8,50791,0,2021971.88,822315.25,,
Tract 3.01,31067,237243,review_required,19.2,0.0,64669,1,2021611.64,822437.25,,
Tract 3.01,31067,241489,warning,19.4,25.1,62335,0,2020210.2,824431.59,,
Tract 3.01,31067,242241,review_required,29.7,28.8,11297,0,2025237.54,824488.89,,
Tract 19,50881,221100,review_required,0.0,0.0,54281,1,2062151.6,791922.6,,
Tract 19,50881,221103,warning,12.3,14.4,54281,0,2061858.76,791912.84,,
Tract 19,50881,236672,warning,22.4,26.0,64021,0,2061431.45,797493.68,,
Tract 22,54900,102762,review_required,22.1,21.6,12814,0,2029447.49,817274.72,,
Tract 22,54900,102765,review_required,24.2,7.5,57000,0,2029225.35,817358.79,,
Tract 22,54900,102774,warning,23.8,38.7,35082,0,2029339.84,817329.44,,
Tract 22,54900,102775,warning,23.4,38.7,35082,0,2029344.28,817291.12,,
Tract 22,54900,102778,review_required,28.7,18.3,12815,0,2029445.03,817439.93,,
Tract 22,54900,102785,review_required,20.4,7.7,12819,0,2029282.8,817697.55,,
Tract 22,54900,102787,review_required,25.7,9.4,12819,0,2029323.94,817534.92,,
Tract 22,54900,102788,review_required,26.5,9.4,12819,0,2029364.14,817531.38,,
Tract 22,54900,102789,warning,27.4,40.7,12819,0,2029380.96,817451.81,,
Tract 22,54900,102791,warning,28.2,44.5,12819,0,2029417.2,817449.51,,
Tract 22,54900,102792,review_required,34.1,21.7,12815,0,2029529.94,817414.16,,
Tract 22,54900,102794,review_required,20.6,17.4,12815,0,2029548.35,817704.15,,
Tract 22,54900,102796,warning,24.8,29.3,12901,0,2029780.89,817063.19,,
Tract 22,54900,102797,warning,24.8,29.3,12901,0,2029780.89,817063.19,,
Tract 22,54900,102798,warning,24.8,29.3,12901,0,2029780.89,817063.19,,
Tract 22,54900,102799,warning,24.5,29.5,12901,0,2029710.57,817068.73,,
Tract 22,54900,102811,warning,22.7,34.1,12814,0,2029552.82,817213.22,,
Tract 22,54900,102812,warning,22.7,34.1,12814,0,2029552.82,817213.22,,
Tract 22,54900,102813,warning,22.7,34.1,12814,0,2029552.82,817213.22,,
Tract 22,54900,102814,warning,22.7,34.1,12814,0,2029552.82,817213.22,,
Tract 22,54900,102815,warning,22.7,34.1,12814,0,2029552.82,817213.22,,
Tract 22,54900,102816,warning,22.7,34.1,12814,0,2029552.82,817213.22,,
Tract 22,54900,102817,warning,22.7,34.1,12814,0,2029552.82,817213.22,,
Tract 22,54900,102818,warning,22.7,34.1,12814,0,2029552.82,817213.22,,
Tract 22,54900,102819,warning,22.7,34.1,12814,0,2029552.82,817213.22,,
Tract 22,54900,102950,warning,26.5,27.7,12813,0,2029653.66,817336.66,,
Tract 22,54900,102957,warning,25.0,27.1,12811,0,2029836.67,817133.34,,
Tract 22,54900,102973,warning,0.0,24.4,12820,0,2029669.3,817682.56,,
Tract 22,54900,102974,warning,22.8,27.8,12820,0,2029654.77,817857.66,,
Tract 22,54900,102982,review_required,23.6,22.9,12906,0,2029797.66,818044.65,,
Tract 22,54900,103001,warning,12.1,21.8,54933,0,2029962.62,818239.87,,
Tract 22,54900,103006,warning,31.0,31.0,35304,0,2029297.09,817887.12,,
Tract 22,54900,103007,review_required,43.9,31.2,35304,0,2029351.1,817889.22,,
Tract 22,54900,103008,warning,24.4,36.1,35304,0,2029476.91,817889.37,,
Tract 22,54900,103023,warning,18.6,20.0,58016,0,2028787.17,818881.11,,
Tract 22,54900,103058,warning,15.4,29.6,12914,0,2028944.46,817311.8,,
Tract 22,54900,103112,warning,25.7,33.1,12988,0,2028077.05,818263.5,,
Tract 22,54900,103117,warning,19.4,23.0,57393,0,2028329.88,818578.54,,
Tract 22,54900,104848,review_required,0.0,0.0,56549,1,2028971.58,819226.19,,
Tract 22,54900,104915,review_required,22.6,20.1,12705,0,2029731.95,819501.9,,
Tract 22,54900,104923,review_required,25.5,21.4,63633,0,2030118.93,819360.12,,
Tract 22,54900,104938,review_required,28.8,0.0,59437,1,2029033.0,819486.02,,
Tract 22,54900,104973,warning,18.6,23.2,34616,0,2030143.61,818336.62,,
Tract 22,54900,104974,warning,18.0,23.2,34616,0,2030152.5,818411.23,,
Tract 22,54900,104979,review_required,27.6,22.3,56845,0,2030426.7,818774.36,,
Tract 22,54900,105119,review_required,23.2,22.5,12696,0,2029270.95,819781.63,,
Tract 22,54900,105121,warning,23.4,25.6,12708,0,2029466.12,819710.28,,
Tract 22,54900,105170,review_required,37.3,25.7,12697,0,2029075.37,819720.0,,
Tract 22,54900,203418,review_required,28.7,18.3,12815,0,2029445.03,817439.93,,
Tract 22,54900,203419,review_required,28.7,18.3,12815,0,2029445.03,817439.93,,
Tract 22,54900,203420,review_required,28.7,18.3,12815,0,2029445.03,817439.93,,
Tract 22,54900,221456,warning,20.5,29.6,12756,0,2028597.83,818639.22,,
Tract 22,54900,225827,review_required,24.2,7.5,57000,0,2029225.35,817358.79,,
Tract 22,54900,225828,review_required,24.2,7.5,57000,0,2029225.35,817358.79,,
Tract 22,54900,225829,review_required,24.2,7.5,57000,0,2029225.35,817358.79,,
Tract 22,54900,225830,review_required,24.2,7.5,57000,0,2029225.35,817358.79,,
Tract 22,54900,225831,review_required,24.2,7.5,57000,0,2029225.35,817358.79,,
Tract 22,54900,225832,review_required,24.2,7.5,57000,0,2029225.35,817358.79,,
Tract 22,54900,225833,review_required,24.2,7.5,57000,0,2029225.35,817358.79,,
Tract 22,54900,225834,review_required,24.2,7.5,57000,0,2029225.35,817358.79,,
Tract 22,54900,225836,review_required,24.2,7.5,57000,0,2029225.35,817358.79,,
Tract 22,54900,225837,review_required,24.2,7.5,57000,0,2029225.35,817358.79,,
Tract 22,54900,225838,review_required,24.2,7.5,57000,0,2029225.35,817358.79,,
Tract 22,54900,225839,review_required,24.2,7.5,57000,0,2029225.35,817358.79,,
Tract 22,54900,225840,review_required,24.2,7.5,57000,0,2029225.35,817358.79,,
Tract 22,54900,225841,review_required,24.2,7.5,57000,0,2029225.35,817358.79,,
Tract 22,54900,225842,review_required,24.2,7.5,57000,0,2029225.35,817358.79,,
Tract 22,54900,225843,review_required,24.2,7.5,57000,0,2029225.35,817358.79,,
Tract 22,54900,225844,review_required,24.2,7.5,57000,0,2029225.35,817358.79,,
Tract 22,54900,225845,review_required,24.2,7.5,57000,0,2029225.35,817358.79,,
Tract 22,54900,225846,review_required,24.2,7.5,57000,0,2029225.35,817358.79,,
Tract 22,54900,225847,review_required,24.2,7.5,57000,0,2029225.35,817358.79,,
Tract 22,54900,225848,review_required,24.2,7.5,57000,0,2029225.35,817358.79,,
Tract 22,54900,225849,review_required,24.2,7.5,57000,0,2029225.35,817358.79,,
Tract 22,54900,225850,review_required,24.2,7.5,57000,0,2029225.35,817358.79,,
Tract 22,54900,225851,review_required,24.2,7.5,57000,0,2029225.35,817358.79,,
Tract 22,54900,225852,review_required,24.2,7.5,57000,0,2029225.35,817358.79,,
Tract 22,54900,225853,review_required,24.2,7.5,57000,0,2029225.35,817358.79,,
Tract 22,54900,225854,review_required,24.2,7.5,57000,0,2029225.35,817358.79,,
Tract 22,54900,225855,review_required,24.2,7.5,57000,0,2029225.35,817358.79,,
Tract 22,54900,225856,review_required,24.2,7.5,57000,0,2029225.35,817358.79,,
Tract 22,54900,225857,review_required,24.2,7.5,57000,0,2029225.35,817358.79,,
Tract 22,54900,225858,review_required,24.2,7.5,57000,0,2029225.35,817358.79,,
Tract 22,54900,225859,review_required,24.2,7.5,57000,0,2029225.35,817358.79,,
Tract 22,54900,225860,review_required,24.2,7.5,57000,0,2029225.35,817358.79,,
Tract 22,54900,225861,review_required,24.2,7.5,57000,0,2029225.35,817358.79,,
Tract 22,54900,225862,review_required,24.2,7.5,57000,0,2029225.35,817358.79,,
Tract 22,54900,225863,review_required,24.2,7.5,57000,0,2029225.35,817358.79,,
Tract 22,54900,225864,review_required,24.2,7.5,57000,0,2029225.35,817358.79,,
Tract 22,54900,233651,warning,16.8,19.3,12899,0,2030484.41,818992.34,,
Tract 22,54900,235069,review_required,27.6,22.3,56845,0,2030426.7,818774.36,,
Tract 22,54900,235070,review_required,27.6,22.3,56845,0,2030426.7,818774.36,,
Tract 22,54900,235071,review_required,27.6,22.3,56845,0,2030426.7,818774.36,,
Tract 22,54900,235072,review_required,27.6,22.3,56845,0,2030426.7,818774.36,,
Tract 22,54900,235073,review_required,27.6,22.3,56845,0,2030426.7,818774.36,,
Tract 22,54900,235074,review_required,27.6,22.3,56845,0,2030426.7,818774.36,,
Tract 22,54900,235075,review_required,27.6,22.3,56845,0,2030426.7,818774.36,,
Tract 22,54900,235076,review_required,27.6,22.3,56845,0,2030426.7,818774.36,,
Tract 22,54900,235077,review_required,27.6,22.3,56845,0,2030426.7,818774.36,,
Tract 22,54900,235078,review_required,27.6,22.3,56845,0,2030426.7,818774.36,,
Tract 22,54900,235079,review_required,27.6,22.3,56845,0,2030426.7,818774.36,,
Tract 22,54900,235080,review_required,27.6,22.3,56845,0,2030426.7,818774.36,,
Tract 22,54900,235081,review_required,27.6,22.3,56845,0,2030426.7,818774.36,,
Tract 22,54900,235082,review_required,27.6,22.3,56845,0,2030426.7,818774.36,,
Tract 22,54900,235083,review_required,27.6,22.3,56845,0,2030426.7,818774.36,,
Tract 22,54900,235084,review_required,27.6,22.3,56845,0,2030426.7,818774.36,,
Tract 22,54900,235085,review_required,27.6,22.3,56845,0,2030426.7,818774.36,,
Tract 22,54900,235086,review_required,27.6,22.3,56845,0,2030426.7,818774.36,,
Tract 22,54900,235606,review_required,28.7,18.3,12815,0,2029445.03,817439.93,,
Tract 22,54900,243586,warning,24.0,35.0,12896,0,2028330.75,818062.85,,
Tract 22,54900,243588,warning,24.0,35.0,12896,0,2028330.75,818062.85,,
Tract 22,54900,243589,warning,24.0,35.0,12896,0,2028330.75,818062.85,,
Tract 22,54900,243590,warning,24.0,35.0,12896,0,2028330.75,818062.85,,
Tract 22,54900,243591,warning,24.0,35.0,12896,0,2028330.75,818062.85,,
Tract 22,54900,243592,warning,24.0,35.0,12896,0,2028330.75,818062.85,,
Tract 22,54900,243593,warning,24.0,35.0,12896,0,2028330.75,818062.85,,
Tract 22,54900,243594,warning,24.0,35.0,12896,0,2028330.75,818062.85,,
Tract 22,54900,243595,warning,24.0,35.0,12896,0,2028330.75,818062.85,,
Tract 22,54900,243596,warning,24.0,35.0,12896,0,2028330.75,818062.85,,
Tract 22,54900,243597,warning,24.0,35.0,12896,0,2028330.75,818062.85,,
Tract 22,54900,243598,warning,24.0,35.0,12896,0,2028330.75,818062.85,,
Tract 22,54900,243599,warning,24.0,35.0,12896,0,2028330.75,818062.85,,
Tract 22,54900,243600,warning,24.0,35.0,12896,0,2028330.75,818062.85,,
Tract 22,54900,243601,warning,24.0,35.0,12896,0,2028330.75,818062.85,,
Tract 22,54900,243602,warning,24.0,35.0,12896,0,2028330.75,818062.85,,
Tract 22,54900,243603,warning,24.0,35.0,12896,0,2028330.75,818062.85,,
Tract 22,54900,243604,warning,24.0,35.0,12896,0,2028330.75,818062.85,,
Tract 22,54900,243605,warning,24.0,35.0,12896,0,2028330.75,818062.85,,
Tract 22,54900,243606,warning,24.0,35.0,12896,0,2028330.75,818062.85,,
Tract 22,54900,243607,warning,24.0,35.0,12896,0,2028330.75,818062.85,,
Tract 22,54900,243608,warning,24.0,35.0,12896,0,2028330.75,818062.85,,
Tract 22,54900,243609,warning,24.0,35.0,12896,0,2028330.75,818062.85,,
Tract 22,54900,243610,warning,24.0,35.0,12896,0,2028330.75,818062.85,,
Tract 22,54900,243611,warning,24.0,35.0,12896,0,2028330.75,818062.85,,
Tract 22,54900,243612,warning,24.0,35.0,12896,0,2028330.75,818062.85,,
Tract 22,54900,243613,warning,24.0,35.0,12896,0,2028330.75,818062.85,,
Tract 22,54900,243614,warning,24.0,35.0,12896,0,2028330.75,818062.85,,
Tract 22,54900,243615,warning,24.0,35.0,12896,0,2028330.75,818062.85,,
Tract 22,54900,243616,warning,24.0,35.0,12896,0,2028330.75,818062.85,,
Tract 22,54900,243617,warning,24.0,35.0,12896,0,2028330.75,818062.85,,
Tract 22,54900,243618,warning,24.0,35.0,12896,0,2028330.75,818062.85,,
Tract 22,54900,243619,warning,24.0,35.0,12896,0,2028330.75,818062.85,,
Tract 22,54900,243620,warning,24.0,35.0,12896,0,2028330.75,818062.85,,
Tract 22,54900,243621,warning,24.0,35.0,12896,0,2028330.75,818062.85,,
Tract 22,54900,243622,warning,24.0,35.0,12896,0,2028330.75,818062.85,,
Tract 22,54900,243623,warning,24.0,35.0,12896,0,2028330.75,818062.85,,
Tract 22,54900,243624,warning,24.0,35.0,12896,0,2028330.75,818062.85,,
Tract 22,54900,243625,warning,24.0,35.0,12896,0,2028330.75,818062.85,,
Tract 22,54900,243626,warning,24.0,35.0,12896,0,2028330.75,818062.85,,
Tract 22,54900,243627,warning,24.0,35.0,12896,0,2028330.75,818062.85,,
Tract 22,54900,243628,warning,24.0,35.0,12896,0,2028330.75,818062.85,,
Tract 22,54900,243629,warning,24.0,35.0,12896,0,2028330.75,818062.85,,
Tract 22,54900,243630,warning,24.0,35.0,12896,0,2028330.75,818062.85,,
Tract 22,54900,243631,warning,24.0,35.0,12896,0,2028330.75,818062.85,,
Tract 22,54900,243632,warning,24.0,35.0,12896,0,2028330.75,818062.85,,
Tract 22,54900,243633,warning,24.0,35.0,12896,0,2028330.75,818062.85,,
Tract 22,54900,243634,warning,24.0,35.0,12896,0,2028330.75,818062.85,,
Tract 22,54900,243635,warning,24.0,35.0,12896,0,2028330.75,818062.85,,
Tract 22,54900,243636,warning,24.0,35.0,12896,0,2028330.75,818062.85,,
Tract 22,54900,243637,warning,24.0,35.0,12896,0,2028330.75,818062.85,,
Tract 22,54900,243638,warning,24.0,35.0,12896,0,2028330.75,818062.85,,
Tract 22,54900,243639,warning,24.0,35.0,12896,0,2028330.75,818062.85,,
Tract 22,54900,243640,warning,24.0,35.0,12896,0,2028330.75,818062.85,,
Tract 22,54900,243641,warning,24.0,35.0,12896,0,2028330.75,818062.85,,
Tract 22,54900,243642,warning,24.0,35.0,12896,0,2028330.75,818062.85,,
Tract 22,54900,243643,warning,24.0,35.0,12896,0,2028330.75,818062.85,,
Tract 22,54900,243644,warning,24.0,35.0,12896,0,2028330.75,818062.85,,
