flag_type,severity,pipe_id,x,y,description,Human Input
missing_direction,warning,322,2062661.28,806671.04,FROMMH/TOMH null. Line geometry encodes flow direction (start point = upstream). Invert elevations also present as cross-check.,
missing_direction,warning,2433,2052334.32,845543.88,FROMMH/TOMH null. Line geometry encodes flow direction (start point = upstream). Invert elevations also present as cross-check.,
missing_direction,warning,57044,2012277.88,834432.98,FROMMH/TOMH null. Line geometry encodes flow direction (start point = upstream). No invert data to cross-check.,
missing_direction,warning,10322,2027358.98,831477.76,FROMMH/TOMH null. Line geometry encodes flow direction (start point = upstream). Invert elevations also present as cross-check.,
missing_direction,warning,10717,2023434.12,829318.01,FROMMH/TOMH null. Line geometry encodes flow direction (start point = upstream). Invert elevations also present as cross-check.,
missing_direction,warning,12821,2029605.25,817780.95,FROMMH/TOMH null. Line geometry encodes flow direction (start point = upstream). No invert data to cross-check.,
missing_direction,warning,13007,2025346.39,817431.81,FROMMH/TOMH null. Line geometry encodes flow direction (start point = upstream). Invert elevations also present as cross-check.,
missing_direction,warning,51542,2036457.6,811104.49,FROMMH/TOMH null. Line geometry encodes flow direction (start point = upstream). Invert elevations also present as cross-check.,
missing_direction,warning,16465,2046424.27,806776.53,FROMMH/TOMH null. Line geometry encodes flow direction (start point = upstream). Invert elevations also present as cross-check.,
missing_direction,warning,16471,2045573.05,806416.39,FROMMH/TOMH null. Line geometry encodes flow direction (start point = upstream). Invert elevations also present as cross-check.,
missing_direction,warning,17257,2030899.4,815527.6,FROMMH/TOMH null. Line geometry encodes flow direction (start point = upstream). No invert data to cross-check.,
missing_direction,warning,17345,2039882.89,815924.53,FROMMH/TOMH null. Line geometry encodes flow direction (start point = upstream). Invert elevations also present as cross-check.,
missing_direction,warning,57150,2027454.04,815093.71,FROMMH/TOMH null. Line geometry encodes flow direction (start point = upstream). No invert data to cross-check.,
missing_direction,warning,20922,2017387.88,801027.82,FROMMH/TOMH null. Line geometry encodes flow direction (start point = upstream). Invert elevations also present as cross-check.,
missing_direction,warning,21504,2001678.97,815030.66,FROMMH/TOMH null. Line geometry encodes flow direction (start point = upstream). Invert elevations also present as cross-check.,
missing_direction,warning,21935,2009457.19,811167.46,FROMMH/TOMH null. Line geometry encodes flow direction (start point = upstream). Invert elevations also present as cross-check.,
missing_direction,warning,24862,2024591.08,786591.53,FROMMH/TOMH null. Line geometry encodes flow direction (start point = upstream). Invert elevations also present as cross-check.,
missing_direction,warning,24879,2024533.81,786969.01,FROMMH/TOMH null. Line geometry encodes flow direction (start point = upstream). Invert elevations also present as cross-check.,
missing_direction,warning,34127,2040854.83,829547.67,FROMMH/TOMH null. Line geometry encodes flow direction (start point = upstream). No invert data to cross-check.,
missing_direction,warning,34292,2057509.3,803339.91,FROMMH/TOMH null. Line geometry encodes flow direction (start point = upstream). Invert elevations also present as cross-check.,
missing_direction,warning,51345,2020721.51,820394.84,FROMMH/TOMH null. Line geometry encodes flow direction (start point = upstream). Invert elevations also present as cross-check.,
missing_direction,warning,51413,2029100.53,831923.77,FROMMH/TOMH null. Line geometry encodes flow direction (start point = upstream). No invert data to cross-check.,
missing_direction,warning,51536,2040106.94,816283.45,FROMMH/TOMH null. Line geometry encodes flow direction (start point = upstream). No invert data to cross-check.,
missing_direction,warning,53296,2062864.75,806756.38,FROMMH/TOMH null. Line geometry encodes flow direction (start point = upstream). Invert elevations also present as cross-check.,
missing_direction,warning,53297,2062792.06,806657.67,FROMMH/TOMH null. Line geometry encodes flow direction (start point = upstream). Invert elevations also present as cross-check.,
missing_direction,warning,53618,2018262.42,821308.17,FROMMH/TOMH null. Line geometry encodes flow direction (start point = upstream). Invert elevations also present as cross-check.,
missing_direction,warning,54789,2026203.22,852752.52,FROMMH/TOMH null. Line geometry encodes flow direction (start point = upstream). No invert data to cross-check.,
missing_direction,warning,55480,2021611.53,829807.44,FROMMH/TOMH null. Line geometry encodes flow direction (start point = upstream). Invert elevations also present as cross-check.,
missing_direction,warning,55570,2022580.16,782346.21,FROMMH/TOMH null. Line geometry encodes flow direction (start point = upstream). No invert data to cross-check.,
missing_direction,warning,55575,2057652.78,803445.43,FROMMH/TOMH null. Line geometry encodes flow direction (start point = upstream). Invert elevations also present as cross-check.,
missing_direction,warning,55595,2031172.01,819854.03,FROMMH/TOMH null. Line geometry encodes flow direction (start point = upstream). No invert data to cross-check.,
missing_direction,warning,55596,2031309.64,819829.65,FROMMH/TOMH null. Line geometry encodes flow direction (start point = upstream). No invert data to cross-check.,
missing_direction,warning,55597,2013803.54,824689.06,FROMMH/TOMH null. Line geometry encodes flow direction (start point = upstream). No invert data to cross-check.,
missing_direction,warning,55630,2029095.15,817508.25,FROMMH/TOMH null. Line geometry encodes flow direction (start point = upstream). No invert data to cross-check.,
missing_direction,warning,55631,2029077.52,817439.37,FROMMH/TOMH null. Line geometry encodes flow direction (start point = upstream). No invert data to cross-check.,
missing_direction,warning,55732,2010405.47,802510.89,FROMMH/TOMH null. Line geometry encodes flow direction (start point = upstream). Invert elevations also present as cross-check.,
missing_direction,warning,56025,2017997.05,819293.33,FROMMH/TOMH null. Line geometry encodes flow direction (start point = upstream). No invert data to cross-check.,
missing_direction,warning,56060,2055219.56,799848.54,FROMMH/TOMH null. Line geometry encodes flow direction (start point = upstream). Invert elevations also present as cross-check.,
missing_direction,warning,56062,2055318.55,799885.65,FROMMH/TOMH null. Line geometry encodes flow direction (start point = upstream). Invert elevations also present as cross-check.,
missing_direction,warning,56063,2055325.69,799891.76,FROMMH/TOMH null. Line geometry encodes flow direction (start point = upstream). Invert elevations also present as cross-check.,
missing_direction,warning,56050,2054933.29,799786.16,FROMMH/TOMH null. Line geometry encodes flow direction (start point = upstream). Invert elevations also present as cross-check.,
missing_direction,warning,56053,2055256.48,800045.62,FROMMH/TOMH null. Line geometry encodes flow direction (start point = upstream). Invert elevations also present as cross-check.,
missing_direction,warning,56055,2054938.16,799721.98,FROMMH/TOMH null. Line geometry encodes flow direction (start point = upstream). Invert elevations also present as cross-check.,
missing_direction,warning,56057,2055036.25,799638.79,FROMMH/TOMH null. Line geometry encodes flow direction (start point = upstream). Invert elevations also present as cross-check.,
missing_direction,warning,56059,2055220.36,799838.48,FROMMH/TOMH null. Line geometry encodes flow direction (start point = upstream). Invert elevations also present as cross-check.,
missing_direction,warning,56049,2054895.41,799799.37,FROMMH/TOMH null. Line geometry encodes flow direction (start point = upstream). Invert elevations also present as cross-check.,
missing_direction,warning,56052,2055222.02,800040.44,FROMMH/TOMH null. Line geometry encodes flow direction (start point = upstream). Invert elevations also present as cross-check.,
missing_direction,warning,56543,2018157.68,821256.98,FROMMH/TOMH null. Line geometry encodes flow direction (start point = upstream). Invert elevations also present as cross-check.,
missing_direction,warning,56544,2018173.13,821263.53,FROMMH/TOMH null. Line geometry encodes flow direction (start point = upstream). Invert elevations also present as cross-check.,
missing_direction,warning,56545,2018212.6,821278,FROMMH/TOMH null. Line geometry encodes flow direction (start point = upstream). Invert elevations also present as cross-check.,
missing_direction,warning,56836,2012383.71,837372.46,FROMMH/TOMH null. Line geometry encodes flow direction (start point = upstream). Invert elevations also present as cross-check.,
missing_direction,warning,56858,2016247.59,822773.59,FROMMH/TOMH null. Line geometry encodes flow direction (start point = upstream). No invert data to cross-check.,
missing_direction,warning,56876,2017407.41,818852.85,FROMMH/TOMH null. Line geometry encodes flow direction (start point = upstream). Invert elevations also present as cross-check.,
missing_direction,warning,56918,2042227.55,798537.73,FROMMH/TOMH null. Line geometry encodes flow direction (start point = upstream). Invert elevations also present as cross-check.,
missing_direction,warning,56946,2057950.3,803810.52,FROMMH/TOMH null. Line geometry encodes flow direction (start point = upstream). Invert elevations also present as cross-check.,
missing_direction,warning,56969,2015472.1,783052.5,FROMMH/TOMH null. Line geometry encodes flow direction (start point = upstream). Invert elevations also present as cross-check.,
missing_direction,warning,57045,2017337.8,816360.57,FROMMH/TOMH null. Line geometry encodes flow direction (start point = upstream). Invert elevations also present as cross-check.,
missing_direction,warning,6955,2012402.11,834431.16,FROMMH/TOMH null. Line geometry encodes flow direction (start point = upstream). No invert data to cross-check.,
missing_direction,warning,57151,2027582.31,815508.08,FROMMH/TOMH null. Line geometry encodes flow direction (start point = upstream). Invert elevations also present as cross-check.,
missing_direction,warning,57154,2027449.71,815311.28,FROMMH/TOMH null. Line geometry encodes flow direction (start point = upstream). Invert elevations also present as cross-check.,
missing_direction,warning,57184,2004336.34,788031.03,FROMMH/TOMH null. Line geometry encodes flow direction (start point = upstream). No invert data to cross-check.,
missing_direction,warning,57367,2024562.69,786780.62,FROMMH/TOMH null. Line geometry encodes flow direction (start point = upstream). Invert elevations also present as cross-check.,
missing_direction,warning,57368,2024619.1,786393.25,FROMMH/TOMH null. Line geometry encodes flow direction (start point = upstream). Invert elevations also present as cross-check.,
missing_direction,warning,58153,2029602.36,818161.38,FROMMH/TOMH null. Line geometry encodes flow direction (start point = upstream). No invert data to cross-check.,
missing_direction,warning,58336,2061955.07,801454.4,FROMMH/TOMH null. Line geometry encodes flow direction (start point = upstream). Invert elevations also present as cross-check.,
missing_direction,warning,58348,2029443.21,830686.78,FROMMH/TOMH null. Line geometry encodes flow direction (start point = upstream). No invert data to cross-check.,
missing_direction,warning,58349,2029424.98,830689.84,FROMMH/TOMH null. Line geometry encodes flow direction (start point = upstream). No invert data to cross-check.,
missing_direction,warning,58923,2015574.85,826077.46,FROMMH/TOMH null. Line geometry encodes flow direction (start point = upstream). No invert data to cross-check.,
missing_direction,warning,58951,2012055.16,809758.5,FROMMH/TOMH null. Line geometry encodes flow direction (start point = upstream). No invert data to cross-check.,
missing_direction,warning,59293,2015743.45,818045.06,FROMMH/TOMH null. Line geometry encodes flow direction (start point = upstream). No invert data to cross-check.,
missing_direction,warning,59733,2019766.39,843833.45,FROMMH/TOMH null. Line geometry encodes flow direction (start point = upstream). Invert elevations also present as cross-check.,
missing_direction,warning,59737,2019735.8,843815.87,FROMMH/TOMH null. Line geometry encodes flow direction (start point = upstream). Invert elevations also present as cross-check.,
missing_direction,warning,59795,2028961.55,819514.59,FROMMH/TOMH null. Line geometry encodes flow direction (start point = upstream). No invert data to cross-check.,
missing_direction,warning,59790,2006138.79,783987.29,FROMMH/TOMH null. Line geometry encodes flow direction (start point = upstream). Invert elevations also present as cross-check.,
missing_direction,warning,60074,2037433.78,807282.21,FROMMH/TOMH null. Line geometry encodes flow direction (start point = upstream). Invert elevations also present as cross-check.,
missing_direction,warning,60069,2037319.66,806640.92,FROMMH/TOMH null. Line geometry encodes flow direction (start point = upstream). Invert elevations also present as cross-check.,
missing_direction,warning,56073,2053472.71,824319.64,FROMMH/TOMH null. Line geometry encodes flow direction (start point = upstream). No invert data to cross-check.,
missing_direction,warning,57111,2026538.53,819106.95,FROMMH/TOMH null. Line geometry encodes flow direction (start point = upstream). Invert elevations also present as cross-check.,
missing_direction,warning,60498,2020950.78,811799.41,FROMMH/TOMH null. Line geometry encodes flow direction (start point = upstream). No invert data to cross-check.,
missing_direction,warning,60499,2020961.42,811648.06,FROMMH/TOMH null. Line geometry encodes flow direction (start point = upstream). No invert data to cross-check.,
missing_direction,warning,60500,2020988.23,811580.28,FROMMH/TOMH null. Line geometry encodes flow direction (start point = upstream). No invert data to cross-check.,
missing_direction,warning,60502,2021107.35,811408.59,FROMMH/TOMH null. Line geometry encodes flow direction (start point = upstream). No invert data to cross-check.,
missing_direction,warning,60510,2022365.05,809544.81,FROMMH/TOMH null. Line geometry encodes flow direction (start point = upstream). No invert data to cross-check.,
missing_direction,warning,60922,2036587.09,818713.36,FROMMH/TOMH null. Line geometry encodes flow direction (start point = upstream). No invert data to cross-check.,
missing_direction,warning,9391,2041575.19,818915.98,FROMMH/TOMH null. Line geometry encodes flow direction (start point = upstream). Invert elevations also present as cross-check.,
missing_direction,warning,60927,2041709.38,818422.95,FROMMH/TOMH null. Line geometry encodes flow direction (start point = upstream). No invert data to cross-check.,
missing_direction,warning,62803,2022100.32,802417.61,FROMMH/TOMH null. Line geometry encodes flow direction (start point = upstream). Invert elevations also present as cross-check.,
missing_direction,warning,63343,2033535.64,814961.19,FROMMH/TOMH null. Line geometry encodes flow direction (start point = upstream). Invert elevations also present as cross-check.,
missing_direction,warning,15812B,2033097.38,814104.72,FROMMH/TOMH null. Line geometry encodes flow direction (start point = upstream). Invert elevations also present as cross-check.,
missing_direction,warning,63478,2033559.43,815003.47,FROMMH/TOMH null. Line geometry encodes flow direction (start point = upstream). Invert elevations also present as cross-check.,
missing_direction,warning,63490,2031843.67,831931.79,FROMMH/TOMH null. Line geometry encodes flow direction (start point = upstream). No invert data to cross-check.,
missing_direction,warning,63491,2031856.3,831940.75,FROMMH/TOMH null. Line geometry encodes flow direction (start point = upstream). No invert data to cross-check.,
missing_direction,warning,63495,2031850.12,831944.04,FROMMH/TOMH null. Line geometry encodes flow direction (start point = upstream). No invert data to cross-check.,
missing_direction,warning,63498,2031858.51,831947.21,FROMMH/TOMH null. Line geometry encodes flow direction (start point = upstream). No invert data to cross-check.,
missing_direction,warning,63625,2032028.86,841547.25,FROMMH/TOMH null. Line geometry encodes flow direction (start point = upstream). Invert elevations also present as cross-check.,
missing_direction,warning,63626,2032156.52,841543.8,FROMMH/TOMH null. Line geometry encodes flow direction (start point = upstream). Invert elevations also present as cross-check.,
missing_direction,warning,63676,2039445.25,826256.47,FROMMH/TOMH null. Line geometry encodes flow direction (start point = upstream). Invert elevations also present as cross-check.,
missing_direction,warning,63699,2049340.73,825285.54,FROMMH/TOMH null. Line geometry encodes flow direction (start point = upstream). Invert elevations also present as cross-check.,
missing_direction,warning,63702,2049715.98,825583.7,FROMMH/TOMH null. Line geometry encodes flow direction (start point = upstream). Invert elevations also present as cross-check.,
missing_direction,warning,63704,2039705.61,816238.51,FROMMH/TOMH null. Line geometry encodes flow direction (start point = upstream). No invert data to cross-check.,
missing_direction,warning,63800,2017445.33,801134.8,FROMMH/TOMH null. Line geometry encodes flow direction (start point = upstream). Invert elevations also present as cross-check.,
missing_direction,warning,63789,2041728.13,827189.3,FROMMH/TOMH null. Line geometry encodes flow direction (start point = upstream). Invert elevations also present as cross-check.,
missing_direction,warning,63790,2041628.82,827187.79,FROMMH/TOMH null. Line geometry encodes flow direction (start point = upstream). Invert elevations also present as cross-check.,
missing_direction,warning,63795,2041529.22,826819.44,FROMMH/TOMH null. Line geometry encodes flow direction (start point = upstream). Invert elevations also present as cross-check.,
missing_direction,warning,20818,2017567.98,801317.39,FROMMH/TOMH null. Line geometry encodes flow direction (start point = upstream). Invert elevations also present as cross-check.,
missing_direction,warning,62923,2062860.81,806643.82,FROMMH/TOMH null. Line geometry encodes flow direction (start point = upstream). Invert elevations also present as cross-check.,
missing_direction,warning,63796,2041623.52,826682.68,FROMMH/TOMH null. Line geometry encodes flow direction (start point = upstream). Invert elevations also present as cross-check.,
missing_direction,warning,20818A,2017474.38,801181.28,FROMMH/TOMH null. Line geometry encodes flow direction (start point = upstream). Invert elevations also present as cross-check.,
missing_direction,warning,13033,2027324.39,816253.83,FROMMH/TOMH null. Line geometry encodes flow direction (start point = upstream). No invert data to cross-check.,
missing_direction,warning,59335,2027275.99,816224.78,FROMMH/TOMH null. Line geometry encodes flow direction (start point = upstream). Invert elevations also present as cross-check.,
missing_direction,warning,63309,2018701.86,828243.39,FROMMH/TOMH null. Line geometry encodes flow direction (start point = upstream). No invert data to cross-check.,
missing_direction,warning,63709,2047035.13,833335.5,FROMMH/TOMH null. Line geometry encodes flow direction (start point = upstream). No invert data to cross-check.,
invert_conflict,warning,6921,2015392.4,834713.43,Invert elevations imply uphill flow vs line geometry: upstream invert 228.97 ft is 198.03 ft below downstream invert 427.00 ft. Geometry direction is treated as correct; check the invert fields (or a digitizing flip if the geometry is wrong here).,
invert_conflict,warning,55426,2031942.1,787070.34,Invert elevations imply uphill flow vs line geometry: upstream invert 265.97 ft is 98.98 ft below downstream invert 364.95 ft. Geometry direction is treated as correct; check the invert fields (or a digitizing flip if the geometry is wrong here).,
invert_conflict,warning,53713,2054251.98,805759.12,Invert elevations imply uphill flow vs line geometry: upstream invert 278.74 ft is 98.42 ft below downstream invert 377.16 ft. Geometry direction is treated as correct; check the invert fields (or a digitizing flip if the geometry is wrong here).,
invert_conflict,warning,54266,2029074.09,785864.61,Invert elevations imply uphill flow vs line geometry: upstream invert 266.30 ft is 98.32 ft below downstream invert 364.62 ft. Geometry direction is treated as correct; check the invert fields (or a digitizing flip if the geometry is wrong here).,
invert_conflict,warning,24558,2019530.64,799070.13,Invert elevations imply uphill flow vs line geometry: upstream invert 256.58 ft is 97.92 ft below downstream invert 354.50 ft. Geometry direction is treated as correct; check the invert fields (or a digitizing flip if the geometry is wrong here).,
invert_conflict,warning,22550,2003225.56,807616.28,Invert elevations imply uphill flow vs line geometry: upstream invert 270.69 ft is 93.63 ft below downstream invert 364.32 ft. Geometry direction is treated as correct; check the invert fields (or a digitizing flip if the geometry is wrong here).,
invert_conflict,warning,25119,2022292.65,794764.03,Invert elevations imply uphill flow vs line geometry: upstream invert 227.57 ft is 92.92 ft below downstream invert 320.49 ft. Geometry direction is treated as correct; check the invert fields (or a digitizing flip if the geometry is wrong here).,
invert_conflict,warning,22794,2014432.08,802060.44,Invert elevations imply uphill flow vs line geometry: upstream invert 310.20 ft is 88.80 ft below downstream invert 399.00 ft. Geometry direction is treated as correct; check the invert fields (or a digitizing flip if the geometry is wrong here).,
invert_conflict,warning,15435,2042249.19,811249.37,Invert elevations imply uphill flow vs line geometry: upstream invert 232.69 ft is 88.22 ft below downstream invert 320.91 ft. Geometry direction is treated as correct; check the invert fields (or a digitizing flip if the geometry is wrong here).,
invert_conflict,warning,4482,2024841.44,840707.54,Invert elevations imply uphill flow vs line geometry: upstream invert 301.86 ft is 51.90 ft below downstream invert 353.76 ft. Geometry direction is treated as correct; check the invert fields (or a digitizing flip if the geometry is wrong here).,
invert_conflict,warning,22422,2008975.86,806103.55,Invert elevations imply uphill flow vs line geometry: upstream invert 254.55 ft is 42.05 ft below downstream invert 296.60 ft. Geometry direction is treated as correct; check the invert fields (or a digitizing flip if the geometry is wrong here).,
invert_conflict,warning,24590,2030876.58,794727.17,Invert elevations imply uphill flow vs line geometry: upstream invert 249.92 ft is 38.98 ft below downstream invert 288.90 ft. Geometry direction is treated as correct; check the invert fields (or a digitizing flip if the geometry is wrong here).,
invert_conflict,warning,7814,2007435.65,835983.72,Invert elevations imply uphill flow vs line geometry: upstream invert 461.88 ft is 29.02 ft below downstream invert 490.90 ft. Geometry direction is treated as correct; check the invert fields (or a digitizing flip if the geometry is wrong here).,
invert_conflict,warning,21510,2003817.55,814608.97,Invert elevations imply uphill flow vs line geometry: upstream invert 285.66 ft is 23.51 ft below downstream invert 309.17 ft. Geometry direction is treated as correct; check the invert fields (or a digitizing flip if the geometry is wrong here).,
invert_conflict,warning,8171,2033369.62,828148.33,Invert elevations imply uphill flow vs line geometry: upstream invert 349.44 ft is 18.53 ft below downstream invert 367.97 ft. Geometry direction is treated as correct; check the invert fields (or a digitizing flip if the geometry is wrong here).,
invert_conflict,warning,25708,2025467.66,791472.1,Invert elevations imply uphill flow vs line geometry: upstream invert 363.10 ft is 18.20 ft below downstream invert 381.30 ft. Geometry direction is treated as correct; check the invert fields (or a digitizing flip if the geometry is wrong here).,
invert_conflict,warning,17051,2023824.19,814205.53,Invert elevations imply uphill flow vs line geometry: upstream invert 344.90 ft is 15.50 ft below downstream invert 360.40 ft. Geometry direction is treated as correct; check the invert fields (or a digitizing flip if the geometry is wrong here).,
invert_conflict,warning,53097,2052016.48,800100.14,Invert elevations imply uphill flow vs line geometry: upstream invert 383.79 ft is 14.15 ft below downstream invert 397.94 ft. Geometry direction is treated as correct; check the invert fields (or a digitizing flip if the geometry is wrong here).,
invert_conflict,warning,56370,2019804.59,779432.21,Invert elevations imply uphill flow vs line geometry: upstream invert 320.31 ft is 11.06 ft below downstream invert 331.37 ft. Geometry direction is treated as correct; check the invert fields (or a digitizing flip if the geometry is wrong here).,
invert_conflict,warning,63644,2042775.85,797325.54,Invert elevations imply uphill flow vs line geometry: upstream invert 370.61 ft is 10.39 ft below downstream invert 381.00 ft. Geometry direction is treated as correct; check the invert fields (or a digitizing flip if the geometry is wrong here).,
invert_conflict,warning,57270,2017710.82,834375.55,Invert elevations imply uphill flow vs line geometry: upstream invert 394.66 ft is 9.37 ft below downstream invert 404.03 ft. Geometry direction is treated as correct; check the invert fields (or a digitizing flip if the geometry is wrong here).,
invert_conflict,warning,56284,2036458.69,800261.79,Invert elevations imply uphill flow vs line geometry: upstream invert 329.22 ft is 9.15 ft below downstream invert 338.37 ft. Geometry direction is treated as correct; check the invert fields (or a digitizing flip if the geometry is wrong here).,
invert_conflict,warning,1320,2043091.22,866256.11,Invert elevations imply uphill flow vs line geometry: upstream invert 411.06 ft is 8.94 ft below downstream invert 420.00 ft. Geometry direction is treated as correct; check the invert fields (or a digitizing flip if the geometry is wrong here).,
invert_conflict,warning,17330,2035924.48,809562.95,Invert elevations imply uphill flow vs line geometry: upstream invert 356.05 ft is 8.73 ft below downstream invert 364.78 ft. Geometry direction is treated as correct; check the invert fields (or a digitizing flip if the geometry is wrong here).,
invert_conflict,warning,15465,2046676.93,807699.8,Invert elevations imply uphill flow vs line geometry: upstream invert 309.44 ft is 8.56 ft below downstream invert 318.00 ft. Geometry direction is treated as correct; check the invert fields (or a digitizing flip if the geometry is wrong here).,
invert_conflict,warning,18430,2027821.73,811818.3,Invert elevations imply uphill flow vs line geometry: upstream invert 335.15 ft is 8.25 ft below downstream invert 343.40 ft. Geometry direction is treated as correct; check the invert fields (or a digitizing flip if the geometry is wrong here).,
invert_conflict,warning,51090,2054015.15,824505.28,Invert elevations imply uphill flow vs line geometry: upstream invert 346.13 ft is 8.21 ft below downstream invert 354.34 ft. Geometry direction is treated as correct; check the invert fields (or a digitizing flip if the geometry is wrong here).,
invert_conflict,warning,28362,2011480.45,789391.44,Invert elevations imply uphill flow vs line geometry: upstream invert 291.10 ft is 8.00 ft below downstream invert 299.10 ft. Geometry direction is treated as correct; check the invert fields (or a digitizing flip if the geometry is wrong here).,
invert_conflict,warning,53089,2051905.49,799544.31,Invert elevations imply uphill flow vs line geometry: upstream invert 382.25 ft is 7.94 ft below downstream invert 390.19 ft. Geometry direction is treated as correct; check the invert fields (or a digitizing flip if the geometry is wrong here).,
invert_conflict,warning,10177,2034760.35,827854.26,Invert elevations imply uphill flow vs line geometry: upstream invert 310.61 ft is 7.39 ft below downstream invert 318.00 ft. Geometry direction is treated as correct; check the invert fields (or a digitizing flip if the geometry is wrong here).,
invert_conflict,warning,27256,2011457.88,797899.67,Invert elevations imply uphill flow vs line geometry: upstream invert 287.72 ft is 7.28 ft below downstream invert 295.00 ft. Geometry direction is treated as correct; check the invert fields (or a digitizing flip if the geometry is wrong here).,
invert_conflict,warning,62009,2011349.58,797940.27,Invert elevations imply uphill flow vs line geometry: upstream invert 287.72 ft is 7.28 ft below downstream invert 295.00 ft. Geometry direction is treated as correct; check the invert fields (or a digitizing flip if the geometry is wrong here).,
invert_conflict,warning,63246,2024240.91,815221.66,Invert elevations imply uphill flow vs line geometry: upstream invert 335.00 ft is 7.20 ft below downstream invert 342.20 ft. Geometry direction is treated as correct; check the invert fields (or a digitizing flip if the geometry is wrong here).,
invert_conflict,warning,17588,2024237.49,815115.29,Invert elevations imply uphill flow vs line geometry: upstream invert 335.00 ft is 7.20 ft below downstream invert 342.20 ft. Geometry direction is treated as correct; check the invert fields (or a digitizing flip if the geometry is wrong here).,
invert_conflict,warning,55947,2053792.19,825717.13,Invert elevations imply uphill flow vs line geometry: upstream invert 337.34 ft is 7.12 ft below downstream invert 344.46 ft. Geometry direction is treated as correct; check the invert fields (or a digitizing flip if the geometry is wrong here).,
invert_conflict,warning,27948,2008669.62,795260.04,Invert elevations imply uphill flow vs line geometry: upstream invert 253.29 ft is 6.86 ft below downstream invert 260.15 ft. Geometry direction is treated as correct; check the invert fields (or a digitizing flip if the geometry is wrong here).,
invert_conflict,warning,13703,2018948.42,818302.42,Invert elevations imply uphill flow vs line geometry: upstream invert 317.36 ft is 6.44 ft below downstream invert 323.80 ft. Geometry direction is treated as correct; check the invert fields (or a digitizing flip if the geometry is wrong here).,
invert_conflict,warning,50714,2006572.57,779815.84,Invert elevations imply uphill flow vs line geometry: upstream invert 265.17 ft is 6.16 ft below downstream invert 271.33 ft. Geometry direction is treated as correct; check the invert fields (or a digitizing flip if the geometry is wrong here).,
invert_conflict,warning,20345,2029769.21,802124.44,Invert elevations imply uphill flow vs line geometry: upstream invert 318.40 ft is 6.10 ft below downstream invert 324.50 ft. Geometry direction is treated as correct; check the invert fields (or a digitizing flip if the geometry is wrong here).,
invert_conflict,warning,34372,2025527.94,826099.68,Invert elevations imply uphill flow vs line geometry: upstream invert 335.20 ft is 5.80 ft below downstream invert 341.00 ft. Geometry direction is treated as correct; check the invert fields (or a digitizing flip if the geometry is wrong here).,
invert_conflict,warning,20405,2031650.53,801809.3,Invert elevations imply uphill flow vs line geometry: upstream invert 345.53 ft is 5.68 ft below downstream invert 351.21 ft. Geometry direction is treated as correct; check the invert fields (or a digitizing flip if the geometry is wrong here).,
invert_conflict,warning,20617,2021635.31,803809.95,Invert elevations imply uphill flow vs line geometry: upstream invert 311.00 ft is 5.50 ft below downstream invert 316.50 ft. Geometry direction is treated as correct; check the invert fields (or a digitizing flip if the geometry is wrong here).,
invert_conflict,warning,29908,2026774.94,779213.24,Invert elevations imply uphill flow vs line geometry: upstream invert 264.87 ft is 5.47 ft below downstream invert 270.34 ft. Geometry direction is treated as correct; check the invert fields (or a digitizing flip if the geometry is wrong here).,
invert_conflict,warning,21154,2001001.61,804186.64,Invert elevations imply uphill flow vs line geometry: upstream invert 270.85 ft is 5.45 ft below downstream invert 276.30 ft. Geometry direction is treated as correct; check the invert fields (or a digitizing flip if the geometry is wrong here).,
invert_conflict,warning,55940,2053989.86,825836.02,Invert elevations imply uphill flow vs line geometry: upstream invert 339.97 ft is 5.26 ft below downstream invert 345.23 ft. Geometry direction is treated as correct; check the invert fields (or a digitizing flip if the geometry is wrong here).,
invert_conflict,warning,14118,2057239.76,812245.23,Invert elevations imply uphill flow vs line geometry: upstream invert 269.42 ft is 5.24 ft below downstream invert 274.66 ft. Geometry direction is treated as correct; check the invert fields (or a digitizing flip if the geometry is wrong here).,
invert_conflict,warning,16468,2046575.52,806800.26,Invert elevations imply uphill flow vs line geometry: upstream invert 320.17 ft is 5.12 ft below downstream invert 325.29 ft. Geometry direction is treated as correct; check the invert fields (or a digitizing flip if the geometry is wrong here).,
invert_conflict,warning,18458,2030952.69,807174.47,Invert elevations imply uphill flow vs line geometry: upstream invert 284.63 ft is 5.02 ft below downstream invert 289.65 ft. Geometry direction is treated as correct; check the invert fields (or a digitizing flip if the geometry is wrong here).,
invert_conflict,warning,50488,2011990.2,806099.87,Invert elevations imply uphill flow vs line geometry: upstream invert 281.75 ft is 5.00 ft below downstream invert 286.75 ft. Geometry direction is treated as correct; check the invert fields (or a digitizing flip if the geometry is wrong here).,
invert_conflict,warning,27783,2031873.41,781746.49,Invert elevations imply uphill flow vs line geometry: upstream invert 288.02 ft is 4.87 ft below downstream invert 292.89 ft. Geometry direction is treated as correct; check the invert fields (or a digitizing flip if the geometry is wrong here).,
invert_conflict,warning,16275,2032653.47,810440.93,Invert elevations imply uphill flow vs line geometry: upstream invert 310.44 ft is 4.59 ft below downstream invert 315.03 ft. Geometry direction is treated as correct; check the invert fields (or a digitizing flip if the geometry is wrong here).,
invert_conflict,warning,22817,2010254.67,803511.52,Invert elevations imply uphill flow vs line geometry: upstream invert 246.88 ft is 4.34 ft below downstream invert 251.22 ft. Geometry direction is treated as correct; check the invert fields (or a digitizing flip if the geometry is wrong here).,
invert_conflict,warning,19156,2051863.8,812383.31,Invert elevations imply uphill flow vs line geometry: upstream invert 278.55 ft is 4.07 ft below downstream invert 282.62 ft. Geometry direction is treated as correct; check the invert fields (or a digitizing flip if the geometry is wrong here).,
invert_conflict,warning,31011,2001384.63,780229.17,Invert elevations imply uphill flow vs line geometry: upstream invert 240.08 ft is 3.92 ft below downstream invert 244.00 ft. Geometry direction is treated as correct; check the invert fields (or a digitizing flip if the geometry is wrong here).,
invert_conflict,warning,50288,2020905.29,839766.29,Invert elevations imply uphill flow vs line geometry: upstream invert 346.39 ft is 3.91 ft below downstream invert 350.30 ft. Geometry direction is treated as correct; check the invert fields (or a digitizing flip if the geometry is wrong here).,
invert_conflict,warning,55348,2018475.65,820467.13,Invert elevations imply uphill flow vs line geometry: upstream invert 361.61 ft is 3.90 ft below downstream invert 365.51 ft. Geometry direction is treated as correct; check the invert fields (or a digitizing flip if the geometry is wrong here).,
invert_conflict,warning,55943,2053989.64,825324.81,Invert elevations imply uphill flow vs line geometry: upstream invert 327.59 ft is 3.80 ft below downstream invert 331.39 ft. Geometry direction is treated as correct; check the invert fields (or a digitizing flip if the geometry is wrong here).,
invert_conflict,warning,3842,2029682.82,845708.76,Invert elevations imply uphill flow vs line geometry: upstream invert 289.90 ft is 3.80 ft below downstream invert 293.70 ft. Geometry direction is treated as correct; check the invert fields (or a digitizing flip if the geometry is wrong here).,
invert_conflict,warning,18532,2025633.85,811364.2,Invert elevations imply uphill flow vs line geometry: upstream invert 292.08 ft is 3.63 ft below downstream invert 295.71 ft. Geometry direction is treated as correct; check the invert fields (or a digitizing flip if the geometry is wrong here).,
invert_conflict,warning,24523,2018735.12,796720.51,Invert elevations imply uphill flow vs line geometry: upstream invert 284.74 ft is 3.56 ft below downstream invert 288.30 ft. Geometry direction is treated as correct; check the invert fields (or a digitizing flip if the geometry is wrong here).,
invert_conflict,warning,55941,2054014.63,825445.17,Invert elevations imply uphill flow vs line geometry: upstream invert 331.39 ft is 3.45 ft below downstream invert 334.84 ft. Geometry direction is treated as correct; check the invert fields (or a digitizing flip if the geometry is wrong here).,
invert_conflict,warning,22350,2009065.08,806372.14,Invert elevations imply uphill flow vs line geometry: upstream invert 247.63 ft is 3.41 ft below downstream invert 251.04 ft. Geometry direction is treated as correct; check the invert fields (or a digitizing flip if the geometry is wrong here).,
invert_conflict,warning,17591,2024260.03,815757.91,Invert elevations imply uphill flow vs line geometry: upstream invert 372.80 ft is 3.30 ft below downstream invert 376.10 ft. Geometry direction is treated as correct; check the invert fields (or a digitizing flip if the geometry is wrong here).,
invert_conflict,warning,14323,2011471.31,826316.18,Invert elevations imply uphill flow vs line geometry: upstream invert 358.71 ft is 3.30 ft below downstream invert 362.01 ft. Geometry direction is treated as correct; check the invert fields (or a digitizing flip if the geometry is wrong here).,
invert_conflict,warning,4855,2021012.95,840826.54,Invert elevations imply uphill flow vs line geometry: upstream invert 312.00 ft is 3.29 ft below downstream invert 315.29 ft. Geometry direction is treated as correct; check the invert fields (or a digitizing flip if the geometry is wrong here).,
invert_conflict,warning,28723,2009929.73,788006.96,Invert elevations imply uphill flow vs line geometry: upstream invert 250.33 ft is 3.11 ft below downstream invert 253.44 ft. Geometry direction is treated as correct; check the invert fields (or a digitizing flip if the geometry is wrong here).,
invert_conflict,warning,21504,2001678.97,815030.66,Invert elevations imply uphill flow vs line geometry: upstream invert 343.59 ft is 2.95 ft below downstream invert 346.54 ft. Geometry direction is treated as correct; check the invert fields (or a digitizing flip if the geometry is wrong here).,
invert_conflict,warning,31664,2003606.92,815072.97,Invert elevations imply uphill flow vs line geometry: upstream invert 289.67 ft is 2.93 ft below downstream invert 292.60 ft. Geometry direction is treated as correct; check the invert fields (or a digitizing flip if the geometry is wrong here).,
invert_conflict,warning,18263,2031885.51,812251.17,Invert elevations imply uphill flow vs line geometry: upstream invert 359.70 ft is 2.89 ft below downstream invert 362.59 ft. Geometry direction is treated as correct; check the invert fields (or a digitizing flip if the geometry is wrong here).,
invert_conflict,warning,5777,2023167.93,835110.63,Invert elevations imply uphill flow vs line geometry: upstream invert 334.55 ft is 2.89 ft below downstream invert 337.44 ft. Geometry direction is treated as correct; check the invert fields (or a digitizing flip if the geometry is wrong here).,
invert_conflict,warning,55945,2054092.05,825552.38,Invert elevations imply uphill flow vs line geometry: upstream invert 334.84 ft is 2.75 ft below downstream invert 337.59 ft. Geometry direction is treated as correct; check the invert fields (or a digitizing flip if the geometry is wrong here).,
invert_conflict,warning,24327,2023449.58,796324.14,Invert elevations imply uphill flow vs line geometry: upstream invert 285.29 ft is 2.71 ft below downstream invert 288.00 ft. Geometry direction is treated as correct; check the invert fields (or a digitizing flip if the geometry is wrong here).,
invert_conflict,warning,22282,2014801.94,804695.95,Invert elevations imply uphill flow vs line geometry: upstream invert 302.88 ft is 2.70 ft below downstream invert 305.58 ft. Geometry direction is treated as correct; check the invert fields (or a digitizing flip if the geometry is wrong here).,
invert_conflict,warning,14735,2013468.71,818197.62,Invert elevations imply uphill flow vs line geometry: upstream invert 301.84 ft is 2.56 ft below downstream invert 304.40 ft. Geometry direction is treated as correct; check the invert fields (or a digitizing flip if the geometry is wrong here).,
invert_conflict,warning,22368,2011811.47,805318.64,Invert elevations imply uphill flow vs line geometry: upstream invert 260.98 ft is 2.52 ft below downstream invert 263.50 ft. Geometry direction is treated as correct; check the invert fields (or a digitizing flip if the geometry is wrong here).,
invert_conflict,warning,55944,2053828.69,825582.35,Invert elevations imply uphill flow vs line geometry: upstream invert 334.82 ft is 2.52 ft below downstream invert 337.34 ft. Geometry direction is treated as correct; check the invert fields (or a digitizing flip if the geometry is wrong here).,
invert_conflict,warning,22952,2004596.38,801579.39,Invert elevations imply uphill flow vs line geometry: upstream invert 272.72 ft is 2.49 ft below downstream invert 275.21 ft. Geometry direction is treated as correct; check the invert fields (or a digitizing flip if the geometry is wrong here).,
invert_conflict,warning,20659,2021497.17,801354.78,Invert elevations imply uphill flow vs line geometry: upstream invert 258.66 ft is 2.48 ft below downstream invert 261.14 ft. Geometry direction is treated as correct; check the invert fields (or a digitizing flip if the geometry is wrong here).,
invert_conflict,warning,18657,2027443.11,808419.07,Invert elevations imply uphill flow vs line geometry: upstream invert 344.37 ft is 2.40 ft below downstream invert 346.77 ft. Geometry direction is treated as correct; check the invert fields (or a digitizing flip if the geometry is wrong here).,
invert_conflict,warning,55937,2054064.44,825717.88,Invert elevations imply uphill flow vs line geometry: upstream invert 337.59 ft is 2.38 ft below downstream invert 339.97 ft. Geometry direction is treated as correct; check the invert fields (or a digitizing flip if the geometry is wrong here).,
invert_conflict,warning,21903,2015458.4,810031.18,Invert elevations imply uphill flow vs line geometry: upstream invert 362.18 ft is 2.36 ft below downstream invert 364.54 ft. Geometry direction is treated as correct; check the invert fields (or a digitizing flip if the geometry is wrong here).,
invert_conflict,warning,4535,2023202.72,842828.73,Invert elevations imply uphill flow vs line geometry: upstream invert 287.52 ft is 2.32 ft below downstream invert 289.84 ft. Geometry direction is treated as correct; check the invert fields (or a digitizing flip if the geometry is wrong here).,
invert_conflict,warning,27033,2012471.55,798655.07,Invert elevations imply uphill flow vs line geometry: upstream invert 326.00 ft is 2.30 ft below downstream invert 328.30 ft. Geometry direction is treated as correct; check the invert fields (or a digitizing flip if the geometry is wrong here).,
invert_conflict,warning,4851,2027772.59,841071.47,Invert elevations imply uphill flow vs line geometry: upstream invert 384.00 ft is 2.25 ft below downstream invert 386.25 ft. Geometry direction is treated as correct; check the invert fields (or a digitizing flip if the geometry is wrong here).,
invert_conflict,warning,6990,2014077.39,832960.91,Invert elevations imply uphill flow vs line geometry: upstream invert 435.75 ft is 2.24 ft below downstream invert 437.99 ft. Geometry direction is treated as correct; check the invert fields (or a digitizing flip if the geometry is wrong here).,
invert_conflict,warning,27712,2007949.76,784701.53,Invert elevations imply uphill flow vs line geometry: upstream invert 220.44 ft is 2.21 ft below downstream invert 222.64 ft. Geometry direction is treated as correct; check the invert fields (or a digitizing flip if the geometry is wrong here).,
invert_conflict,warning,55946,2053924.16,825395.75,Invert elevations imply uphill flow vs line geometry: upstream invert 331.39 ft is 2.21 ft below downstream invert 333.60 ft. Geometry direction is treated as correct; check the invert fields (or a digitizing flip if the geometry is wrong here).,
invert_conflict,warning,13832,2027990.15,817059.95,Invert elevations imply uphill flow vs line geometry: upstream invert 369.00 ft is 2.10 ft below downstream invert 371.10 ft. Geometry direction is treated as correct; check the invert fields (or a digitizing flip if the geometry is wrong here).,
invert_conflict,warning,53272,2061985.52,807460.17,Invert elevations imply uphill flow vs line geometry: upstream invert 289.04 ft is 1.97 ft below downstream invert 291.01 ft. Geometry direction is treated as correct; check the invert fields (or a digitizing flip if the geometry is wrong here).,
invert_conflict,warning,2420,2049357.86,853258.01,Invert elevations imply uphill flow vs line geometry: upstream invert 259.15 ft is 1.97 ft below downstream invert 261.12 ft. Geometry direction is treated as correct; check the invert fields (or a digitizing flip if the geometry is wrong here).,
invert_conflict,warning,30345,2027000.18,779400.47,Invert elevations imply uphill flow vs line geometry: upstream invert 270.34 ft is 1.91 ft below downstream invert 272.25 ft. Geometry direction is treated as correct; check the invert fields (or a digitizing flip if the geometry is wrong here).,
invert_conflict,warning,22918,2009970.31,803381,Invert elevations imply uphill flow vs line geometry: upstream invert 250.18 ft is 1.72 ft below downstream invert 251.90 ft. Geometry direction is treated as correct; check the invert fields (or a digitizing flip if the geometry is wrong here).,
invert_conflict,warning,55938,2053822.63,825795.53,Invert elevations imply uphill flow vs line geometry: upstream invert 344.46 ft is 1.67 ft below downstream invert 346.13 ft. Geometry direction is treated as correct; check the invert fields (or a digitizing flip if the geometry is wrong here).,
invert_conflict,warning,31475,2017338.82,816290.84,Invert elevations imply uphill flow vs line geometry: upstream invert 327.67 ft is 1.50 ft below downstream invert 329.17 ft. Geometry direction is treated as correct; check the invert fields (or a digitizing flip if the geometry is wrong here).,
invert_conflict,warning,27475,2003402.6,796674.24,Invert elevations imply uphill flow vs line geometry: upstream invert 249.72 ft is 1.48 ft below downstream invert 251.20 ft. Geometry direction is treated as correct; check the invert fields (or a digitizing flip if the geometry is wrong here).,
invert_conflict,warning,53476,2017804.12,820705.01,Invert elevations imply uphill flow vs line geometry: upstream invert 339.89 ft is 1.48 ft below downstream invert 341.36 ft. Geometry direction is treated as correct; check the invert fields (or a digitizing flip if the geometry is wrong here).,
invert_conflict,warning,21669,2023314.49,799309.11,Invert elevations imply uphill flow vs line geometry: upstream invert 268.56 ft is 1.44 ft below downstream invert 270.00 ft. Geometry direction is treated as correct; check the invert fields (or a digitizing flip if the geometry is wrong here).,
invert_conflict,warning,30867,2013642.14,781054.29,Invert elevations imply uphill flow vs line geometry: upstream invert 235.47 ft is 1.40 ft below downstream invert 236.87 ft. Geometry direction is treated as correct; check the invert fields (or a digitizing flip if the geometry is wrong here).,
invert_conflict,warning,17555,2027915.76,815773.63,Invert elevations imply uphill flow vs line geometry: upstream invert 338.90 ft is 1.30 ft below downstream invert 340.20 ft. Geometry direction is treated as correct; check the invert fields (or a digitizing flip if the geometry is wrong here).,
invert_conflict,warning,14646,2013111.19,820241.86,Invert elevations imply uphill flow vs line geometry: upstream invert 332.26 ft is 1.26 ft below downstream invert 333.52 ft. Geometry direction is treated as correct; check the invert fields (or a digitizing flip if the geometry is wrong here).,
invert_conflict,warning,27850,2015169.77,792542.84,Invert elevations imply uphill flow vs line geometry: upstream invert 241.85 ft is 1.25 ft below downstream invert 243.10 ft. Geometry direction is treated as correct; check the invert fields (or a digitizing flip if the geometry is wrong here).,
invert_conflict,warning,30947,2003279.06,782851.9,Invert elevations imply uphill flow vs line geometry: upstream invert 239.98 ft is 1.25 ft below downstream invert 241.23 ft. Geometry direction is treated as correct; check the invert fields (or a digitizing flip if the geometry is wrong here).,
invert_conflict,warning,55939,2053877.57,825465.46,Invert elevations imply uphill flow vs line geometry: upstream invert 333.60 ft is 1.22 ft below downstream invert 334.82 ft. Geometry direction is treated as correct; check the invert fields (or a digitizing flip if the geometry is wrong here).,
invert_conflict,warning,52960,2062381.86,808496.22,Invert elevations imply uphill flow vs line geometry: upstream invert 338.73 ft is 1.20 ft below downstream invert 339.93 ft. Geometry direction is treated as correct; check the invert fields (or a digitizing flip if the geometry is wrong here).,
invert_conflict,warning,31303,1999435.74,781072.74,Invert elevations imply uphill flow vs line geometry: upstream invert 262.25 ft is 1.18 ft below downstream invert 263.43 ft. Geometry direction is treated as correct; check the invert fields (or a digitizing flip if the geometry is wrong here).,
invert_conflict,warning,26572,2020856.67,787628.41,Invert elevations imply uphill flow vs line geometry: upstream invert 285.95 ft is 1.14 ft below downstream invert 287.09 ft. Geometry direction is treated as correct; check the invert fields (or a digitizing flip if the geometry is wrong here).,
invert_conflict,warning,50001,2011412.47,788778.17,Invert elevations imply uphill flow vs line geometry: upstream invert 288.80 ft is 1.13 ft below downstream invert 289.93 ft. Geometry direction is treated as correct; check the invert fields (or a digitizing flip if the geometry is wrong here).,
invert_conflict,warning,13291,2026929.85,816537.92,Invert elevations imply uphill flow vs line geometry: upstream invert 348.91 ft is 1.09 ft below downstream invert 350.00 ft. Geometry direction is treated as correct; check the invert fields (or a digitizing flip if the geometry is wrong here).,
invert_conflict,warning,24237,2023303.23,798643.61,Invert elevations imply uphill flow vs line geometry: upstream invert 267.66 ft is 1.09 ft below downstream invert 268.75 ft. Geometry direction is treated as correct; check the invert fields (or a digitizing flip if the geometry is wrong here).,
invert_conflict,warning,24269,2023319.83,797185.59,Invert elevations imply uphill flow vs line geometry: upstream invert 276.02 ft is 1.08 ft below downstream invert 277.10 ft. Geometry direction is treated as correct; check the invert fields (or a digitizing flip if the geometry is wrong here).,
invert_conflict,warning,14611,2058109.02,814990.02,Invert elevations imply uphill flow vs line geometry: upstream invert 275.05 ft is 1.06 ft below downstream invert 276.11 ft. Geometry direction is treated as correct; check the invert fields (or a digitizing flip if the geometry is wrong here).,
invert_conflict,warning,28525,2006958.76,784891.83,Invert elevations imply uphill flow vs line geometry: upstream invert 236.94 ft is 1.06 ft below downstream invert 238.00 ft. Geometry direction is treated as correct; check the invert fields (or a digitizing flip if the geometry is wrong here).,
invert_conflict,warning,28354,2009499.59,791915.65,Invert elevations imply uphill flow vs line geometry: upstream invert 230.06 ft is 0.97 ft below downstream invert 231.03 ft. Geometry direction is treated as correct; check the invert fields (or a digitizing flip if the geometry is wrong here).,
invert_conflict,warning,13998,2057836.23,813368.07,Invert elevations imply uphill flow vs line geometry: upstream invert 266.72 ft is 0.97 ft below downstream invert 267.69 ft. Geometry direction is treated as correct; check the invert fields (or a digitizing flip if the geometry is wrong here).,
invert_conflict,warning,25527,2017385.38,792521.8,Invert elevations imply uphill flow vs line geometry: upstream invert 246.39 ft is 0.95 ft below downstream invert 247.34 ft. Geometry direction is treated as correct; check the invert fields (or a digitizing flip if the geometry is wrong here).,
invert_conflict,warning,16295,2032168.9,809644.79,Invert elevations imply uphill flow vs line geometry: upstream invert 302.39 ft is 0.95 ft below downstream invert 303.34 ft. Geometry direction is treated as correct; check the invert fields (or a digitizing flip if the geometry is wrong here).,
invert_conflict,warning,21755,2012555.83,811898.27,Invert elevations imply uphill flow vs line geometry: upstream invert 294.82 ft is 0.90 ft below downstream invert 295.72 ft. Geometry direction is treated as correct; check the invert fields (or a digitizing flip if the geometry is wrong here).,
invert_conflict,warning,28221,2012725.83,791919.66,Invert elevations imply uphill flow vs line geometry: upstream invert 253.92 ft is 0.89 ft below downstream invert 254.81 ft. Geometry direction is treated as correct; check the invert fields (or a digitizing flip if the geometry is wrong here).,
invert_conflict,warning,55942,2054074.63,825856.74,Invert elevations imply uphill flow vs line geometry: upstream invert 339.97 ft is 0.88 ft below downstream invert 340.85 ft. Geometry direction is treated as correct; check the invert fields (or a digitizing flip if the geometry is wrong here).,
invert_conflict,warning,16214,2033826.6,811303.35,Invert elevations imply uphill flow vs line geometry: upstream invert 341.48 ft is 0.87 ft below downstream invert 342.35 ft. Geometry direction is treated as correct; check the invert fields (or a digitizing flip if the geometry is wrong here).,
invert_conflict,warning,15659,2053079.44,814917.36,Invert elevations imply uphill flow vs line geometry: upstream invert 310.23 ft is 0.86 ft below downstream invert 311.09 ft. Geometry direction is treated as correct; check the invert fields (or a digitizing flip if the geometry is wrong here).,
invert_conflict,warning,27088,2014349.93,796369.25,Invert elevations imply uphill flow vs line geometry: upstream invert 256.41 ft is 0.83 ft below downstream invert 257.24 ft. Geometry direction is treated as correct; check the invert fields (or a digitizing flip if the geometry is wrong here).,
invert_conflict,warning,28008,2008243.41,794136.15,Invert elevations imply uphill flow vs line geometry: upstream invert 232.66 ft is 0.81 ft below downstream invert 233.47 ft. Geometry direction is treated as correct; check the invert fields (or a digitizing flip if the geometry is wrong here).,
invert_conflict,warning,6349,2027509.75,845577.72,Invert elevations imply uphill flow vs line geometry: upstream invert 271.57 ft is 0.81 ft below downstream invert 272.38 ft. Geometry direction is treated as correct; check the invert fields (or a digitizing flip if the geometry is wrong here).,
invert_conflict,warning,28235,2015226.79,790195.52,Invert elevations imply uphill flow vs line geometry: upstream invert 271.35 ft is 0.80 ft below downstream invert 272.15 ft. Geometry direction is treated as correct; check the invert fields (or a digitizing flip if the geometry is wrong here).,
invert_conflict,warning,19681,2024827.47,805169.92,Invert elevations imply uphill flow vs line geometry: upstream invert 269.54 ft is 0.80 ft below downstream invert 270.34 ft. Geometry direction is treated as correct; check the invert fields (or a digitizing flip if the geometry is wrong here).,
invert_conflict,warning,9315,2046740.72,817470.36,Invert elevations imply uphill flow vs line geometry: upstream invert 346.30 ft is 0.80 ft below downstream invert 347.10 ft. Geometry direction is treated as correct; check the invert fields (or a digitizing flip if the geometry is wrong here).,
invert_conflict,warning,14726,2013933.48,818207.18,Invert elevations imply uphill flow vs line geometry: upstream invert 310.53 ft is 0.78 ft below downstream invert 311.31 ft. Geometry direction is treated as correct; check the invert fields (or a digitizing flip if the geometry is wrong here).,
invert_conflict,warning,24518,2018364.38,796031.28,Invert elevations imply uphill flow vs line geometry: upstream invert 256.19 ft is 0.78 ft below downstream invert 256.97 ft. Geometry direction is treated as correct; check the invert fields (or a digitizing flip if the geometry is wrong here).,
invert_conflict,warning,1565,2042164.63,861264.84,Invert elevations imply uphill flow vs line geometry: upstream invert 272.83 ft is 0.78 ft below downstream invert 273.61 ft. Geometry direction is treated as correct; check the invert fields (or a digitizing flip if the geometry is wrong here).,
invert_conflict,warning,26210,2017586.33,787568.24,Invert elevations imply uphill flow vs line geometry: upstream invert 274.83 ft is 0.77 ft below downstream invert 275.60 ft. Geometry direction is treated as correct; check the invert fields (or a digitizing flip if the geometry is wrong here).,
invert_conflict,warning,54753,2003264.08,796651.68,Invert elevations imply uphill flow vs line geometry: upstream invert 250.44 ft is 0.76 ft below downstream invert 251.20 ft. Geometry direction is treated as correct; check the invert fields (or a digitizing flip if the geometry is wrong here).,
invert_conflict,warning,20772,2016517.76,802094.07,Invert elevations imply uphill flow vs line geometry: upstream invert 276.45 ft is 0.75 ft below downstream invert 277.20 ft. Geometry direction is treated as correct; check the invert fields (or a digitizing flip if the geometry is wrong here).,
invert_conflict,warning,34877,2016945.57,817920.96,Invert elevations imply uphill flow vs line geometry: upstream invert 403.40 ft is 0.75 ft below downstream invert 404.15 ft. Geometry direction is treated as correct; check the invert fields (or a digitizing flip if the geometry is wrong here).,
invert_conflict,warning,30946,2003329.15,782835.91,Invert elevations imply uphill flow vs line geometry: upstream invert 239.68 ft is 0.73 ft below downstream invert 240.41 ft. Geometry direction is treated as correct; check the invert fields (or a digitizing flip if the geometry is wrong here).,
invert_conflict,warning,14580,2015482.68,821889.92,Invert elevations imply uphill flow vs line geometry: upstream invert 319.54 ft is 0.73 ft below downstream invert 320.27 ft. Geometry direction is treated as correct; check the invert fields (or a digitizing flip if the geometry is wrong here).,
invert_conflict,warning,25890,2023368.09,791266.13,Invert elevations imply uphill flow vs line geometry: upstream invert 312.37 ft is 0.73 ft below downstream invert 313.10 ft. Geometry direction is treated as correct; check the invert fields (or a digitizing flip if the geometry is wrong here).,
invert_conflict,warning,27802,2019351.84,783531.96,Invert elevations imply uphill flow vs line geometry: upstream invert 268.91 ft is 0.72 ft below downstream invert 269.63 ft. Geometry direction is treated as correct; check the invert fields (or a digitizing flip if the geometry is wrong here).,
invert_conflict,warning,28321,2012937.69,791001.6,Invert elevations imply uphill flow vs line geometry: upstream invert 244.03 ft is 0.67 ft below downstream invert 244.70 ft. Geometry direction is treated as correct; check the invert fields (or a digitizing flip if the geometry is wrong here).,
invert_conflict,warning,26271,2004955.21,798906.96,Invert elevations imply uphill flow vs line geometry: upstream invert 243.89 ft is 0.67 ft below downstream invert 244.56 ft. Geometry direction is treated as correct; check the invert fields (or a digitizing flip if the geometry is wrong here).,
invert_conflict,warning,52430,2015631.7,797442.84,Invert elevations imply uphill flow vs line geometry: upstream invert 254.23 ft is 0.66 ft below downstream invert 254.89 ft. Geometry direction is treated as correct; check the invert fields (or a digitizing flip if the geometry is wrong here).,
invert_conflict,warning,7967,2038074.68,830844.62,Invert elevations imply uphill flow vs line geometry: upstream invert 291.50 ft is 0.66 ft below downstream invert 292.16 ft. Geometry direction is treated as correct; check the invert fields (or a digitizing flip if the geometry is wrong here).,
invert_conflict,warning,15104,2042649.93,814064.77,Invert elevations imply uphill flow vs line geometry: upstream invert 335.08 ft is 0.65 ft below downstream invert 335.73 ft. Geometry direction is treated as correct; check the invert fields (or a digitizing flip if the geometry is wrong here).,
invert_conflict,warning,50708,2006816.47,779622.63,Invert elevations imply uphill flow vs line geometry: upstream invert 255.41 ft is 0.64 ft below downstream invert 256.05 ft. Geometry direction is treated as correct; check the invert fields (or a digitizing flip if the geometry is wrong here).,
invert_conflict,warning,55948,2054057.18,825253.71,Invert elevations imply uphill flow vs line geometry: upstream invert 327.59 ft is 0.61 ft below downstream invert 328.20 ft. Geometry direction is treated as correct; check the invert fields (or a digitizing flip if the geometry is wrong here).,
invert_conflict,warning,51489,2013690.79,814087.16,Invert elevations imply uphill flow vs line geometry: upstream invert 302.80 ft is 0.55 ft below downstream invert 303.35 ft. Geometry direction is treated as correct; check the invert fields (or a digitizing flip if the geometry is wrong here).,
invert_conflict,warning,18130,2017936.29,815163.91,Invert elevations imply uphill flow vs line geometry: upstream invert 309.96 ft is 0.54 ft below downstream invert 310.50 ft. Geometry direction is treated as correct; check the invert fields (or a digitizing flip if the geometry is wrong here).,
invert_conflict,warning,26241,2007584.98,798396.42,Invert elevations imply uphill flow vs line geometry: upstream invert 237.38 ft is 0.54 ft below downstream invert 237.92 ft. Geometry direction is treated as correct; check the invert fields (or a digitizing flip if the geometry is wrong here).,
invert_conflict,warning,64308,2007555.14,798460.34,Invert elevations imply uphill flow vs line geometry: upstream invert 237.38 ft is 0.54 ft below downstream invert 237.92 ft. Geometry direction is treated as correct; check the invert fields (or a digitizing flip if the geometry is wrong here).,
invert_conflict,warning,50274,2028358.69,816419.82,Invert elevations imply uphill flow vs line geometry: upstream invert 358.17 ft is 0.53 ft below downstream invert 358.70 ft. Geometry direction is treated as correct; check the invert fields (or a digitizing flip if the geometry is wrong here).,
invert_conflict,warning,31274,2014215.96,779978.79,Invert elevations imply uphill flow vs line geometry: upstream invert 244.39 ft is 0.53 ft below downstream invert 244.92 ft. Geometry direction is treated as correct; check the invert fields (or a digitizing flip if the geometry is wrong here).,
invert_conflict,warning,59119,2028125.86,845545.42,Invert elevations imply uphill flow vs line geometry: upstream invert 271.01 ft is 0.52 ft below downstream invert 271.53 ft. Geometry direction is treated as correct; check the invert fields (or a digitizing flip if the geometry is wrong here).,
invert_conflict,warning,34267,2001606.19,810023.76,Invert elevations imply uphill flow vs line geometry: upstream invert 268.23 ft is 0.52 ft below downstream invert 268.75 ft. Geometry direction is treated as correct; check the invert fields (or a digitizing flip if the geometry is wrong here).,
invert_conflict,warning,14960,2046881.57,812071.54,Invert elevations imply uphill flow vs line geometry: upstream invert 293.55 ft is 0.51 ft below downstream invert 294.06 ft. Geometry direction is treated as correct; check the invert fields (or a digitizing flip if the geometry is wrong here).,
invert_conflict,warning,19385,2023154.71,803721.73,Invert elevations imply uphill flow vs line geometry: upstream invert 266.97 ft is 0.51 ft below downstream invert 267.48 ft. Geometry direction is treated as correct; check the invert fields (or a digitizing flip if the geometry is wrong here).,
invert_conflict,warning,14582,2015168.43,821461.7,Invert elevations imply uphill flow vs line geometry: upstream invert 318.58 ft is 0.51 ft below downstream invert 319.09 ft. Geometry direction is treated as correct; check the invert fields (or a digitizing flip if the geometry is wrong here).,
invert_conflict,warning,30831,2013489.96,780785.69,Invert elevations imply uphill flow vs line geometry: upstream invert 236.09 ft is 0.50 ft below downstream invert 236.59 ft. Geometry direction is treated as correct; check the invert fields (or a digitizing flip if the geometry is wrong here).,
invert_conflict,warning,17536,2030397.88,812872.03,Invert elevations imply uphill flow vs line geometry: upstream invert 385.70 ft is 0.50 ft below downstream invert 386.20 ft. Geometry direction is treated as correct; check the invert fields (or a digitizing flip if the geometry is wrong here).,
invert_conflict,warning,19629,2026219.01,805781.77,Invert elevations imply uphill flow vs line geometry: upstream invert 275.71 ft is 0.49 ft below downstream invert 276.20 ft. Geometry direction is treated as correct; check the invert fields (or a digitizing flip if the geometry is wrong here).,
invert_conflict,warning,3087,2036107.49,840702.52,Invert elevations imply uphill flow vs line geometry: upstream invert 272.53 ft is 0.49 ft below downstream invert 273.02 ft. Geometry direction is treated as correct; check the invert fields (or a digitizing flip if the geometry is wrong here).,
invert_conflict,warning,27823,2016534.53,783397.87,Invert elevations imply uphill flow vs line geometry: upstream invert 282.47 ft is 0.49 ft below downstream invert 282.96 ft. Geometry direction is treated as correct; check the invert fields (or a digitizing flip if the geometry is wrong here).,
invert_conflict,warning,82,2053091.87,809607.97,Invert elevations imply uphill flow vs line geometry: upstream invert 291.95 ft is 0.49 ft below downstream invert 292.44 ft. Geometry direction is treated as correct; check the invert fields (or a digitizing flip if the geometry is wrong here).,
invert_conflict,warning,34568,2013293.87,831272.01,Invert elevations imply uphill flow vs line geometry: upstream invert 437.41 ft is 0.49 ft below downstream invert 437.90 ft. Geometry direction is treated as correct; check the invert fields (or a digitizing flip if the geometry is wrong here).,
invert_conflict,warning,26102,2017732.82,790499.1,Invert elevations imply uphill flow vs line geometry: upstream invert 301.03 ft is 0.47 ft below downstream invert 301.50 ft. Geometry direction is treated as correct; check the invert fields (or a digitizing flip if the geometry is wrong here).,
invert_conflict,warning,30780,2014374.27,781966.17,Invert elevations imply uphill flow vs line geometry: upstream invert 240.72 ft is 0.47 ft below downstream invert 241.19 ft. Geometry direction is treated as correct; check the invert fields (or a digitizing flip if the geometry is wrong here).,
invert_conflict,warning,21830,2013283.49,809804.76,Invert elevations imply uphill flow vs line geometry: upstream invert 339.39 ft is 0.46 ft below downstream invert 339.85 ft. Geometry direction is treated as correct; check the invert fields (or a digitizing flip if the geometry is wrong here).,
invert_conflict,warning,30986,2001199.44,781148.67,Invert elevations imply uphill flow vs line geometry: upstream invert 250.22 ft is 0.45 ft below downstream invert 250.67 ft. Geometry direction is treated as correct; check the invert fields (or a digitizing flip if the geometry is wrong here).,
invert_conflict,warning,18628,2025771.56,809279.43,Invert elevations imply uphill flow vs line geometry: upstream invert 284.33 ft is 0.44 ft below downstream invert 284.77 ft. Geometry direction is treated as correct; check the invert fields (or a digitizing flip if the geometry is wrong here).,
invert_conflict,warning,26184,2018954.82,788590.81,Invert elevations imply uphill flow vs line geometry: upstream invert 306.68 ft is 0.44 ft below downstream invert 307.12 ft. Geometry direction is treated as correct; check the invert fields (or a digitizing flip if the geometry is wrong here).,
invert_conflict,warning,25274,2019434.45,795855.53,Invert elevations imply uphill flow vs line geometry: upstream invert 321.35 ft is 0.43 ft below downstream invert 321.78 ft. Geometry direction is treated as correct; check the invert fields (or a digitizing flip if the geometry is wrong here).,
invert_conflict,warning,22984,2001370.91,803362.98,Invert elevations imply uphill flow vs line geometry: upstream invert 254.83 ft is 0.42 ft below downstream invert 255.25 ft. Geometry direction is treated as correct; check the invert fields (or a digitizing flip if the geometry is wrong here).,
invert_conflict,warning,31061,2013237.82,779911.41,Invert elevations imply uphill flow vs line geometry: upstream invert 234.94 ft is 0.42 ft below downstream invert 235.36 ft. Geometry direction is treated as correct; check the invert fields (or a digitizing flip if the geometry is wrong here).,
invert_conflict,warning,53988,2051331.42,804655.21,Invert elevations imply uphill flow vs line geometry: upstream invert 367.49 ft is 0.42 ft below downstream invert 367.91 ft. Geometry direction is treated as correct; check the invert fields (or a digitizing flip if the geometry is wrong here).,
invert_conflict,warning,29798,2017404.95,781189.22,Invert elevations imply uphill flow vs line geometry: upstream invert 307.66 ft is 0.40 ft below downstream invert 308.06 ft. Geometry direction is treated as correct; check the invert fields (or a digitizing flip if the geometry is wrong here).,
invert_conflict,warning,19250,2029634.97,805779.42,Invert elevations imply uphill flow vs line geometry: upstream invert 279.48 ft is 0.40 ft below downstream invert 279.88 ft. Geometry direction is treated as correct; check the invert fields (or a digitizing flip if the geometry is wrong here).,
invert_conflict,warning,18697,2025620.48,808849.28,Invert elevations imply uphill flow vs line geometry: upstream invert 281.88 ft is 0.38 ft below downstream invert 282.26 ft. Geometry direction is treated as correct; check the invert fields (or a digitizing flip if the geometry is wrong here).,
invert_conflict,warning,25845,2024198.13,788751.56,Invert elevations imply uphill flow vs line geometry: upstream invert 352.98 ft is 0.38 ft below downstream invert 353.36 ft. Geometry direction is treated as correct; check the invert fields (or a digitizing flip if the geometry is wrong here).,
invert_conflict,warning,7307,2044032.19,825764.45,Invert elevations imply uphill flow vs line geometry: upstream invert 303.50 ft is 0.38 ft below downstream invert 303.88 ft. Geometry direction is treated as correct; check the invert fields (or a digitizing flip if the geometry is wrong here).,
invert_conflict,warning,12077,2024661.02,822720.11,Invert elevations imply uphill flow vs line geometry: upstream invert 380.44 ft is 0.36 ft below downstream invert 380.80 ft. Geometry direction is treated as correct; check the invert fields (or a digitizing flip if the geometry is wrong here).,
invert_conflict,warning,27616,2014222.7,793854.64,Invert elevations imply uphill flow vs line geometry: upstream invert 261.65 ft is 0.35 ft below downstream invert 262.00 ft. Geometry direction is treated as correct; check the invert fields (or a digitizing flip if the geometry is wrong here).,
invert_conflict,warning,31093,2015343.76,778334.12,Invert elevations imply uphill flow vs line geometry: upstream invert 265.20 ft is 0.33 ft below downstream invert 265.53 ft. Geometry direction is treated as correct; check the invert fields (or a digitizing flip if the geometry is wrong here).,
invert_conflict,warning,17440,2028769.91,813339.45,Invert elevations imply uphill flow vs line geometry: upstream invert 376.80 ft is 0.32 ft below downstream invert 377.12 ft. Geometry direction is treated as correct; check the invert fields (or a digitizing flip if the geometry is wrong here).,
invert_conflict,warning,43029,2019676.29,813242.11,Invert elevations imply uphill flow vs line geometry: upstream invert 344.13 ft is 0.32 ft below downstream invert 344.45 ft. Geometry direction is treated as correct; check the invert fields (or a digitizing flip if the geometry is wrong here).,
invert_conflict,warning,28305,2015395.85,788472.92,Invert elevations imply uphill flow vs line geometry: upstream invert 254.00 ft is 0.32 ft below downstream invert 254.32 ft. Geometry direction is treated as correct; check the invert fields (or a digitizing flip if the geometry is wrong here).,
invert_conflict,warning,1761,2044717.95,853717.65,Invert elevations imply uphill flow vs line geometry: upstream invert 291.58 ft is 0.32 ft below downstream invert 291.90 ft. Geometry direction is treated as correct; check the invert fields (or a digitizing flip if the geometry is wrong here).,
invert_conflict,warning,50149,2016782.11,775238.07,Invert elevations imply uphill flow vs line geometry: upstream invert 232.09 ft is 0.30 ft below downstream invert 232.39 ft. Geometry direction is treated as correct; check the invert fields (or a digitizing flip if the geometry is wrong here).,
invert_conflict,warning,27119,2015687.74,798143.13,Invert elevations imply uphill flow vs line geometry: upstream invert 256.35 ft is 0.30 ft below downstream invert 256.65 ft. Geometry direction is treated as correct; check the invert fields (or a digitizing flip if the geometry is wrong here).,
invert_conflict,warning,1548,2040602.27,862767.6,Invert elevations imply uphill flow vs line geometry: upstream invert 384.10 ft is 0.30 ft below downstream invert 384.40 ft. Geometry direction is treated as correct; check the invert fields (or a digitizing flip if the geometry is wrong here).,
invert_conflict,warning,30829,2013549.72,780559.03,Invert elevations imply uphill flow vs line geometry: upstream invert 236.05 ft is 0.30 ft below downstream invert 236.34 ft. Geometry direction is treated as correct; check the invert fields (or a digitizing flip if the geometry is wrong here).,
invert_conflict,warning,51144,2003210.97,811608.34,Invert elevations imply uphill flow vs line geometry: upstream invert 287.29 ft is 0.30 ft below downstream invert 287.59 ft. Geometry direction is treated as correct; check the invert fields (or a digitizing flip if the geometry is wrong here).,
invert_conflict,warning,10392,2024859.29,830157.43,Invert elevations imply uphill flow vs line geometry: upstream invert 335.94 ft is 0.29 ft below downstream invert 336.23 ft. Geometry direction is treated as correct; check the invert fields (or a digitizing flip if the geometry is wrong here).,
invert_conflict,warning,21110,2013790.76,812692.22,Invert elevations imply uphill flow vs line geometry: upstream invert 299.19 ft is 0.29 ft below downstream invert 299.48 ft. Geometry direction is treated as correct; check the invert fields (or a digitizing flip if the geometry is wrong here).,
invert_conflict,warning,25564,2031708.35,790324.91,Invert elevations imply uphill flow vs line geometry: upstream invert 260.28 ft is 0.28 ft below downstream invert 260.56 ft. Geometry direction is treated as correct; check the invert fields (or a digitizing flip if the geometry is wrong here).,
invert_conflict,warning,14114,2057293.14,812634.15,Invert elevations imply uphill flow vs line geometry: upstream invert 268.38 ft is 0.27 ft below downstream invert 268.65 ft. Geometry direction is treated as correct; check the invert fields (or a digitizing flip if the geometry is wrong here).,
invert_conflict,warning,8051,2037838.35,828866.82,Invert elevations imply uphill flow vs line geometry: upstream invert 309.63 ft is 0.27 ft below downstream invert 309.90 ft. Geometry direction is treated as correct; check the invert fields (or a digitizing flip if the geometry is wrong here).,
invert_conflict,warning,27863,2013364.88,792206.75,Invert elevations imply uphill flow vs line geometry: upstream invert 284.36 ft is 0.27 ft below downstream invert 284.63 ft. Geometry direction is treated as correct; check the invert fields (or a digitizing flip if the geometry is wrong here).,
invert_conflict,warning,20443,2025317.51,803870.4,Invert elevations imply uphill flow vs line geometry: upstream invert 295.24 ft is 0.26 ft below downstream invert 295.50 ft. Geometry direction is treated as correct; check the invert fields (or a digitizing flip if the geometry is wrong here).,
invert_conflict,warning,27777,2028607.3,782206.44,Invert elevations imply uphill flow vs line geometry: upstream invert 242.91 ft is 0.26 ft below downstream invert 243.17 ft. Geometry direction is treated as correct; check the invert fields (or a digitizing flip if the geometry is wrong here).,
invert_conflict,warning,24503,2019170.12,796307.13,Invert elevations imply uphill flow vs line geometry: upstream invert 260.51 ft is 0.25 ft below downstream invert 260.76 ft. Geometry direction is treated as correct; check the invert fields (or a digitizing flip if the geometry is wrong here).,
invert_conflict,warning,30097,2012854.89,777130.8,Invert elevations imply uphill flow vs line geometry: upstream invert 235.78 ft is 0.25 ft below downstream invert 236.03 ft. Geometry direction is treated as correct; check the invert fields (or a digitizing flip if the geometry is wrong here).,
invert_conflict,warning,29452,2030622.64,782085.74,Invert elevations imply uphill flow vs line geometry: upstream invert 262.25 ft is 0.25 ft below downstream invert 262.50 ft. Geometry direction is treated as correct; check the invert fields (or a digitizing flip if the geometry is wrong here).,
invert_conflict,warning,50148,2016782.2,775240.3,Invert elevations imply uphill flow vs line geometry: upstream invert 232.09 ft is 0.24 ft below downstream invert 232.33 ft. Geometry direction is treated as correct; check the invert fields (or a digitizing flip if the geometry is wrong here).,
invert_conflict,warning,31168,2013170.84,777598.71,Invert elevations imply uphill flow vs line geometry: upstream invert 243.35 ft is 0.24 ft below downstream invert 243.59 ft. Geometry direction is treated as correct; check the invert fields (or a digitizing flip if the geometry is wrong here).,
invert_conflict,warning,28711,2002677.49,784283.57,Invert elevations imply uphill flow vs line geometry: upstream invert 247.19 ft is 0.23 ft below downstream invert 247.42 ft. Geometry direction is treated as correct; check the invert fields (or a digitizing flip if the geometry is wrong here).,
invert_conflict,warning,14274,2011564.12,827089.22,Invert elevations imply uphill flow vs line geometry: upstream invert 384.58 ft is 0.23 ft below downstream invert 384.81 ft. Geometry direction is treated as correct; check the invert fields (or a digitizing flip if the geometry is wrong here).,
invert_conflict,warning,56471,2018062.99,820202.27,Invert elevations imply uphill flow vs line geometry: upstream invert 366.52 ft is 0.23 ft below downstream invert 366.75 ft. Geometry direction is treated as correct; check the invert fields (or a digitizing flip if the geometry is wrong here).,
invert_conflict,warning,53270,2034499.06,851091.72,Invert elevations imply uphill flow vs line geometry: upstream invert 367.67 ft is 0.23 ft below downstream invert 367.90 ft. Geometry direction is treated as correct; check the invert fields (or a digitizing flip if the geometry is wrong here).,
invert_conflict,warning,22194,2012221.17,807522.69,Invert elevations imply uphill flow vs line geometry: upstream invert 286.89 ft is 0.23 ft below downstream invert 287.12 ft. Geometry direction is treated as correct; check the invert fields (or a digitizing flip if the geometry is wrong here).,
invert_conflict,warning,14696,2010402.35,820852.82,Invert elevations imply uphill flow vs line geometry: upstream invert 323.10 ft is 0.22 ft below downstream invert 323.32 ft. Geometry direction is treated as correct; check the invert fields (or a digitizing flip if the geometry is wrong here).,
invert_conflict,warning,22556,2002879.52,807239.58,Invert elevations imply uphill flow vs line geometry: upstream invert 261.50 ft is 0.21 ft below downstream invert 261.71 ft. Geometry direction is treated as correct; check the invert fields (or a digitizing flip if the geometry is wrong here).,
invert_conflict,warning,34210,2045955.66,858998.31,Invert elevations imply uphill flow vs line geometry: upstream invert 337.87 ft is 0.21 ft below downstream invert 338.08 ft. Geometry direction is treated as correct; check the invert fields (or a digitizing flip if the geometry is wrong here).,
invert_conflict,warning,31062,2012964.45,779438.7,Invert elevations imply uphill flow vs line geometry: upstream invert 233.40 ft is 0.20 ft below downstream invert 233.60 ft. Geometry direction is treated as correct; check the invert fields (or a digitizing flip if the geometry is wrong here).,
invert_conflict,warning,59190,2019906.25,818104.36,Invert elevations imply uphill flow vs line geometry: upstream invert 362.00 ft is 0.20 ft below downstream invert 362.20 ft. Geometry direction is treated as correct; check the invert fields (or a digitizing flip if the geometry is wrong here).,
invert_conflict,warning,19759,2057222.29,811253.11,Invert elevations imply uphill flow vs line geometry: upstream invert 271.80 ft is 0.20 ft below downstream invert 272.00 ft. Geometry direction is treated as correct; check the invert fields (or a digitizing flip if the geometry is wrong here).,
invert_conflict,warning,5424,2030750.98,833874.32,Invert elevations imply uphill flow vs line geometry: upstream invert 348.39 ft is 0.20 ft below downstream invert 348.59 ft. Geometry direction is treated as correct; check the invert fields (or a digitizing flip if the geometry is wrong here).,
invert_conflict,warning,8887,2052864.17,816350.21,Invert elevations imply uphill flow vs line geometry: upstream invert 317.40 ft is 0.20 ft below downstream invert 317.60 ft. Geometry direction is treated as correct; check the invert fields (or a digitizing flip if the geometry is wrong here).,
invert_conflict,warning,23225,2040636.47,797320.98,Invert elevations imply uphill flow vs line geometry: upstream invert 362.01 ft is 0.19 ft below downstream invert 362.20 ft. Geometry direction is treated as correct; check the invert fields (or a digitizing flip if the geometry is wrong here).,
invert_conflict,warning,53219,1999794.08,779209.42,Invert elevations imply uphill flow vs line geometry: upstream invert 279.52 ft is 0.18 ft below downstream invert 279.70 ft. Geometry direction is treated as correct; check the invert fields (or a digitizing flip if the geometry is wrong here).,
invert_conflict,warning,23936,2032470.2,786304.78,Invert elevations imply uphill flow vs line geometry: upstream invert 253.11 ft is 0.17 ft below downstream invert 253.28 ft. Geometry direction is treated as correct; check the invert fields (or a digitizing flip if the geometry is wrong here).,
invert_conflict,warning,19761,2057304.49,811915.29,Invert elevations imply uphill flow vs line geometry: upstream invert 269.75 ft is 0.17 ft below downstream invert 269.92 ft. Geometry direction is treated as correct; check the invert fields (or a digitizing flip if the geometry is wrong here).,
invert_conflict,warning,1975,2031922.88,850238.46,Invert elevations imply uphill flow vs line geometry: upstream invert 349.64 ft is 0.16 ft below downstream invert 349.80 ft. Geometry direction is treated as correct; check the invert fields (or a digitizing flip if the geometry is wrong here).,
invert_conflict,warning,10121,2032369.4,818342.53,Invert elevations imply uphill flow vs line geometry: upstream invert 341.64 ft is 0.16 ft below downstream invert 341.80 ft. Geometry direction is treated as correct; check the invert fields (or a digitizing flip if the geometry is wrong here).,
invert_conflict,warning,19259,2028499.47,805265.14,Invert elevations imply uphill flow vs line geometry: upstream invert 278.28 ft is 0.16 ft below downstream invert 278.44 ft. Geometry direction is treated as correct; check the invert fields (or a digitizing flip if the geometry is wrong here).,
invert_conflict,warning,16922,2040090.99,800413.04,Invert elevations imply uphill flow vs line geometry: upstream invert 299.31 ft is 0.15 ft below downstream invert 299.45 ft. Geometry direction is treated as correct; check the invert fields (or a digitizing flip if the geometry is wrong here).,
invert_conflict,warning,30489,2028920.66,774646.9,Invert elevations imply uphill flow vs line geometry: upstream invert 241.13 ft is 0.15 ft below downstream invert 241.28 ft. Geometry direction is treated as correct; check the invert fields (or a digitizing flip if the geometry is wrong here).,
invert_conflict,warning,31170,2013533.76,777867.2,Invert elevations imply uphill flow vs line geometry: upstream invert 252.23 ft is 0.14 ft below downstream invert 252.37 ft. Geometry direction is treated as correct; check the invert fields (or a digitizing flip if the geometry is wrong here).,
invert_conflict,warning,21216,2013141.29,812342.51,Invert elevations imply uphill flow vs line geometry: upstream invert 297.02 ft is 0.14 ft below downstream invert 297.16 ft. Geometry direction is treated as correct; check the invert fields (or a digitizing flip if the geometry is wrong here).,
invert_conflict,warning,19300,2031134.61,806545.15,Invert elevations imply uphill flow vs line geometry: upstream invert 288.69 ft is 0.13 ft below downstream invert 288.82 ft. Geometry direction is treated as correct; check the invert fields (or a digitizing flip if the geometry is wrong here).,
invert_conflict,warning,24640,2031617.43,792367.47,Invert elevations imply uphill flow vs line geometry: upstream invert 264.78 ft is 0.13 ft below downstream invert 264.91 ft. Geometry direction is treated as correct; check the invert fields (or a digitizing flip if the geometry is wrong here).,
invert_conflict,warning,23113,2011978.6,803990.02,Invert elevations imply uphill flow vs line geometry: upstream invert 279.01 ft is 0.12 ft below downstream invert 279.13 ft. Geometry direction is treated as correct; check the invert fields (or a digitizing flip if the geometry is wrong here).,
invert_conflict,warning,23283,2036745.54,796901.46,Invert elevations imply uphill flow vs line geometry: upstream invert 280.92 ft is 0.11 ft below downstream invert 281.03 ft. Geometry direction is treated as correct; check the invert fields (or a digitizing flip if the geometry is wrong here).,
invert_conflict,warning,16778,2032996.86,805551.59,Invert elevations imply uphill flow vs line geometry: upstream invert 371.98 ft is 0.10 ft below downstream invert 372.08 ft. Geometry direction is treated as correct; check the invert fields (or a digitizing flip if the geometry is wrong here).,
invert_conflict,warning,1779,2045041.7,852671.65,Invert elevations imply uphill flow vs line geometry: upstream invert 287.70 ft is 0.10 ft below downstream invert 287.80 ft. Geometry direction is treated as correct; check the invert fields (or a digitizing flip if the geometry is wrong here).,
invert_conflict,warning,16570,2042555.18,805484.6,Invert elevations imply uphill flow vs line geometry: upstream invert 402.85 ft is 0.10 ft below downstream invert 402.95 ft. Geometry direction is treated as correct; check the invert fields (or a digitizing flip if the geometry is wrong here).,
invert_conflict,warning,9699,2037711.04,816969.32,Invert elevations imply uphill flow vs line geometry: upstream invert 346.35 ft is 0.10 ft below downstream invert 346.45 ft. Geometry direction is treated as correct; check the invert fields (or a digitizing flip if the geometry is wrong here).,
invert_conflict,warning,51395,2018453.71,823022.43,Invert elevations imply uphill flow vs line geometry: upstream invert 383.90 ft is 0.10 ft below downstream invert 384.00 ft. Geometry direction is treated as correct; check the invert fields (or a digitizing flip if the geometry is wrong here).,
invert_conflict,warning,22676,2015885.33,801598.93,Invert elevations imply uphill flow vs line geometry: upstream invert 299.60 ft is 0.10 ft below downstream invert 299.70 ft. Geometry direction is treated as correct; check the invert fields (or a digitizing flip if the geometry is wrong here).,
invert_conflict,warning,16150,2054128.59,813066.22,Invert elevations imply uphill flow vs line geometry: upstream invert 272.15 ft is 0.08 ft below downstream invert 272.23 ft. Geometry direction is treated as correct; check the invert fields (or a digitizing flip if the geometry is wrong here).,
invert_conflict,warning,51697,2041332.89,837676.48,Invert elevations imply uphill flow vs line geometry: upstream invert 338.79 ft is 0.08 ft below downstream invert 338.87 ft. Geometry direction is treated as correct; check the invert fields (or a digitizing flip if the geometry is wrong here).,
invert_conflict,warning,26421,2030935.84,786033.43,Invert elevations imply uphill flow vs line geometry: upstream invert 250.28 ft is 0.08 ft below downstream invert 250.36 ft. Geometry direction is treated as correct; check the invert fields (or a digitizing flip if the geometry is wrong here).,
invert_conflict,warning,41110,2039455.15,828937.7,Invert elevations imply uphill flow vs line geometry: upstream invert 290.40 ft is 0.07 ft below downstream invert 290.47 ft. Geometry direction is treated as correct; check the invert fields (or a digitizing flip if the geometry is wrong here).,
invert_conflict,warning,5773,2023172.62,835496.43,Invert elevations imply uphill flow vs line geometry: upstream invert 332.24 ft is 0.07 ft below downstream invert 332.31 ft. Geometry direction is treated as correct; check the invert fields (or a digitizing flip if the geometry is wrong here).,
invert_conflict,warning,21532,2010582.42,810042.04,Invert elevations imply uphill flow vs line geometry: upstream invert 281.52 ft is 0.06 ft below downstream invert 281.58 ft. Geometry direction is treated as correct; check the invert fields (or a digitizing flip if the geometry is wrong here).,
invert_conflict,warning,51153,2003216.66,811831.49,Invert elevations imply uphill flow vs line geometry: upstream invert 291.66 ft is 0.06 ft below downstream invert 291.72 ft. Geometry direction is treated as correct; check the invert fields (or a digitizing flip if the geometry is wrong here).,
invert_conflict,warning,25795,2024720.33,789933.06,Invert elevations imply uphill flow vs line geometry: upstream invert 349.98 ft is 0.06 ft below downstream invert 350.04 ft. Geometry direction is treated as correct; check the invert fields (or a digitizing flip if the geometry is wrong here).,
invert_conflict,warning,26416,2029934.82,784822.11,Invert elevations imply uphill flow vs line geometry: upstream invert 247.53 ft is 0.06 ft below downstream invert 247.59 ft. Geometry direction is treated as correct; check the invert fields (or a digitizing flip if the geometry is wrong here).,
invert_conflict,warning,51542,2036457.6,811104.49,Invert elevations imply uphill flow vs line geometry: upstream invert 403.81 ft is 0.05 ft below downstream invert 403.86 ft. Geometry direction is treated as correct; check the invert fields (or a digitizing flip if the geometry is wrong here).,
invert_conflict,warning,54912,2003763.08,814651.97,Invert elevations imply uphill flow vs line geometry: upstream invert 285.91 ft is 0.05 ft below downstream invert 285.96 ft. Geometry direction is treated as correct; check the invert fields (or a digitizing flip if the geometry is wrong here).,
invert_conflict,warning,22503,2005582.19,805215.82,Invert elevations imply uphill flow vs line geometry: upstream invert 242.04 ft is 0.05 ft below downstream invert 242.09 ft. Geometry direction is treated as correct; check the invert fields (or a digitizing flip if the geometry is wrong here).,
invert_conflict,warning,21958,2011337.24,810430,Invert elevations imply uphill flow vs line geometry: upstream invert 271.45 ft is 0.05 ft below downstream invert 271.50 ft. Geometry direction is treated as correct; check the invert fields (or a digitizing flip if the geometry is wrong here).,
invert_conflict,warning,31144,2012702.84,778146.85,Invert elevations imply uphill flow vs line geometry: upstream invert 234.46 ft is 0.05 ft below downstream invert 234.51 ft. Geometry direction is treated as correct; check the invert fields (or a digitizing flip if the geometry is wrong here).,
invert_conflict,warning,34794,2031545.39,792970.93,Invert elevations imply uphill flow vs line geometry: upstream invert 266.70 ft is 0.04 ft below downstream invert 266.74 ft. Geometry direction is treated as correct; check the invert fields (or a digitizing flip if the geometry is wrong here).,
invert_conflict,warning,18701,2025560.89,808675,Invert elevations imply uphill flow vs line geometry: upstream invert 281.47 ft is 0.04 ft below downstream invert 281.51 ft. Geometry direction is treated as correct; check the invert fields (or a digitizing flip if the geometry is wrong here).,
invert_conflict,warning,18652,2027479.51,808455.11,Invert elevations imply uphill flow vs line geometry: upstream invert 344.37 ft is 0.03 ft below downstream invert 344.40 ft. Geometry direction is treated as correct; check the invert fields (or a digitizing flip if the geometry is wrong here).,
invert_conflict,warning,16638,2033915.37,807484.23,Invert elevations imply uphill flow vs line geometry: upstream invert 298.16 ft is 0.03 ft below downstream invert 298.19 ft. Geometry direction is treated as correct; check the invert fields (or a digitizing flip if the geometry is wrong here).,
invert_conflict,warning,22384,2010293.07,805546.06,Invert elevations imply uphill flow vs line geometry: upstream invert 293.30 ft is 0.03 ft below downstream invert 293.33 ft. Geometry direction is treated as correct; check the invert fields (or a digitizing flip if the geometry is wrong here).,
invert_conflict,warning,9168,2035640.56,821155.06,Invert elevations imply uphill flow vs line geometry: upstream invert 307.77 ft is 0.03 ft below downstream invert 307.80 ft. Geometry direction is treated as correct; check the invert fields (or a digitizing flip if the geometry is wrong here).,
invert_conflict,warning,31412,2015819.62,819932.42,Invert elevations imply uphill flow vs line geometry: upstream invert 317.41 ft is 0.03 ft below downstream invert 317.44 ft. Geometry direction is treated as correct; check the invert fields (or a digitizing flip if the geometry is wrong here).,
invert_conflict,warning,26456,2026828.82,787614.58,Invert elevations imply uphill flow vs line geometry: upstream invert 291.93 ft is 0.03 ft below downstream invert 291.96 ft. Geometry direction is treated as correct; check the invert fields (or a digitizing flip if the geometry is wrong here).,
invert_conflict,warning,2279,2021984.53,848770.48,Invert elevations imply uphill flow vs line geometry: upstream invert 378.93 ft is 0.03 ft below downstream invert 378.96 ft. Geometry direction is treated as correct; check the invert fields (or a digitizing flip if the geometry is wrong here).,
invert_conflict,warning,6331,2010600.04,846036.54,Invert elevations imply uphill flow vs line geometry: upstream invert 421.15 ft is 0.03 ft below downstream invert 421.18 ft. Geometry direction is treated as correct; check the invert fields (or a digitizing flip if the geometry is wrong here).,
invert_conflict,warning,8523,2032955.04,824966.86,Invert elevations imply uphill flow vs line geometry: upstream invert 296.52 ft is 0.02 ft below downstream invert 296.54 ft. Geometry direction is treated as correct; check the invert fields (or a digitizing flip if the geometry is wrong here).,
invert_conflict,warning,23281,2036203.31,796225.8,Invert elevations imply uphill flow vs line geometry: upstream invert 275.36 ft is 0.02 ft below downstream invert 275.38 ft. Geometry direction is treated as correct; check the invert fields (or a digitizing flip if the geometry is wrong here).,
invert_conflict,warning,30635,2025846.42,775238.79,Invert elevations imply uphill flow vs line geometry: upstream invert 248.45 ft is 0.02 ft below downstream invert 248.48 ft. Geometry direction is treated as correct; check the invert fields (or a digitizing flip if the geometry is wrong here).,
invert_conflict,warning,23823,2034669.6,788404.38,Invert elevations imply uphill flow vs line geometry: upstream invert 259.00 ft is 0.01 ft below downstream invert 259.01 ft. Geometry direction is treated as correct; check the invert fields (or a digitizing flip if the geometry is wrong here).,
invert_conflict,warning,30826,2013379.62,780293.8,Invert elevations imply uphill flow vs line geometry: upstream invert 235.82 ft is 0.01 ft below downstream invert 235.83 ft. Geometry direction is treated as correct; check the invert fields (or a digitizing flip if the geometry is wrong here).,
invert_conflict,warning,31123,2014331.2,778038.1,Invert elevations imply uphill flow vs line geometry: upstream invert 250.20 ft is 0.00 ft below downstream invert 250.21 ft. Geometry direction is treated as correct; check the invert fields (or a digitizing flip if the geometry is wrong here).,
attribute_slope_error,warning,14317,2011624.2,826605.85,Recorded SLOPE is -0.370% (negative). Line geometry direction is treated as correct; SLOPE field may need updating to match.,
attribute_slope_error,warning,62535,2011598.51,826533.54,Recorded SLOPE is -0.960% (negative). Line geometry direction is treated as correct; SLOPE field may need updating to match.,
snap_gap,warning,23214 / 23215,2040639.4,798523.69,"Endpoint gap of 1.03 ft between pipe ends (23214 / 23215). Within the 10 ft end-node repair radius, so the graph auto-connects them and tracing works — but the source geometry is offset and should be snapped in the authoritative layer.",
snap_gap,warning,01815 / 50506,2037249.26,852093.16,"Endpoint gap of 6.03 ft between pipe ends (01815 / 50506). Within the 10 ft end-node repair radius, so the graph auto-connects them and tracing works — but the source geometry is offset and should be snapped in the authoritative layer.",
snap_gap,warning,08364 / 08368 / 08374 / 08386,2041057.09,824669.53,"Endpoint gap of 9.39 ft between pipe ends (08364 / 08368 / 08374 / 08386). Within the 10 ft end-node repair radius, so the graph auto-connects them and tracing works — but the source geometry is offset and should be snapped in the authoritative layer.",
snap_gap,warning,53560 / 56099,2061194.28,806550.44,"Endpoint gap of 1.72 ft between pipe ends (53560 / 56099). Within the 10 ft end-node repair radius, so the graph auto-connects them and tracing works — but the source geometry is offset and should be snapped in the authoritative layer.",
snap_gap,warning,63490 / 63491,2031854.72,831931.08,"Endpoint gap of 8.06 ft between pipe ends (63490 / 63491). Within the 10 ft end-node repair radius, so the graph auto-connects them and tracing works — but the source geometry is offset and should be snapped in the authoritative layer.",
snap_gap,warning,02700 / 02701,2040458.47,844569.68,"Endpoint gap of 8.87 ft between pipe ends (02700 / 02701). Within the 10 ft end-node repair radius, so the graph auto-connects them and tracing works — but the source geometry is offset and should be snapped in the authoritative layer.",
snap_gap,warning,33807 / 50115,2046178.05,851450.41,"Endpoint gap of 6.77 ft between pipe ends (33807 / 50115). Within the 10 ft end-node repair radius, so the graph auto-connects them and tracing works — but the source geometry is offset and should be snapped in the authoritative layer.",
snap_gap,warning,24052 / 52286 / 52290,2029816.32,797163.62,"Endpoint gap of 1.43 ft between pipe ends (24052 / 52286 / 52290). Within the 10 ft end-node repair radius, so the graph auto-connects them and tracing works — but the source geometry is offset and should be snapped in the authoritative layer.",
snap_gap,warning,08364 / 08368 / 08373 / 08386,2041063.13,824665.4,"Endpoint gap of 7.47 ft between pipe ends (08364 / 08368 / 08373 / 08386). Within the 10 ft end-node repair radius, so the graph auto-connects them and tracing works — but the source geometry is offset and should be snapped in the authoritative layer.",
snap_gap,warning,20149 / 20528,2024539.66,801125.02,"Endpoint gap of 1.93 ft between pipe ends (20149 / 20528). Within the 10 ft end-node repair radius, so the graph auto-connects them and tracing works — but the source geometry is offset and should be snapped in the authoritative layer.",
snap_gap,warning,04101 / 04102 / 04103,2020477.47,844189.27,"Endpoint gap of 8.28 ft between pipe ends (04101 / 04102 / 04103). Within the 10 ft end-node repair radius, so the graph auto-connects them and tracing works — but the source geometry is offset and should be snapped in the authoritative layer.",
snap_gap,warning,26374 / 26422,2028119.23,786910.01,"Endpoint gap of 1.97 ft between pipe ends (26374 / 26422). Within the 10 ft end-node repair radius, so the graph auto-connects them and tracing works — but the source geometry is offset and should be snapped in the authoritative layer.",
snap_gap,warning,01736 / 01862,2040099.21,859050.62,"Endpoint gap of 5.31 ft between pipe ends (01736 / 01862). Within the 10 ft end-node repair radius, so the graph auto-connects them and tracing works — but the source geometry is offset and should be snapped in the authoritative layer.",
snap_gap,review_required,63489 / 63491 / 63496 / 63498,2031860.26,831955.24,"Endpoint gap of 7.94 ft between pipe ends (63489 / 63491 / 63496 / 63498) — survived the 10 ft end-node repair as separate nodes, so these do not connect at this location in the network graph.","no snap gap, just a weird pipe layout."
snap_gap,review_required,02418 / 02419 / 02420,2049322.37,853240.45,"Endpoint gap of 15.47 ft between pipe ends (02418 / 02419 / 02420) — survived the 10 ft end-node repair as separate nodes, so these do not connect at this location in the network graph.","not sure, keep flag, but not critical"
snap_gap,review_required,12378 / 52897 / 54915,2021615.7,822840.82,"Endpoint gap of 11.66 ft between pipe ends (12378 / 52897 / 54915) — survived the 10 ft end-node repair as separate nodes, so these do not connect at this location in the network graph.","not snap gap, genuinely do not connect"
snap_gap,review_required,63495 / 63496 / 63498,2031855.57,831949.87,"Endpoint gap of 16.45 ft between pipe ends (63495 / 63496 / 63498) — survived the 10 ft end-node repair as separate nodes, so these do not connect at this location in the network graph.","no snap gap, just a weird pipe layout."
snap_gap,review_required,15458 / 17333,2039936.53,809076.99,"Endpoint gap of 15.55 ft between pipe ends (15458 / 17333) — survived the 10 ft end-node repair as separate nodes, so these do not connect at this location in the network graph.",Genuinly do not connect. Flow goes in opposite directions.
snap_gap,review_required,34467 / 58880,2033216.44,846387.24,"Endpoint gap of 16.86 ft between pipe ends (34467 / 58880) — survived the 10 ft end-node repair as separate nodes, so these do not connect at this location in the network graph.","This is a treament plant or pump, both pipes end here. No snap gap"
snap_gap,review_required,51545 / 51546 / 51548,2040007.52,828780.75,"Endpoint gap of 16.40 ft between pipe ends (51545 / 51546 / 51548) — survived the 10 ft end-node repair as separate nodes, so these do not connect at this location in the network graph.",might be a snap gap. Appears to be a WWTP. Does not have big impact on anything (downstream pipe does not have any manholed)
snap_gap,review_required,63153 / 63622,2031722,841133.44,"Endpoint gap of 18.96 ft between pipe ends (63153 / 63622) — survived the 10 ft end-node repair as separate nodes, so these do not connect at this location in the network graph.",Genuinly do not connect. Flow goes in opposite directions.
snap_gap,review_required,53476 / 53480 / 59316,2017825.91,820776.4,"Endpoint gap of 18.97 ft between pipe ends (53476 / 53480 / 59316) — survived the 10 ft end-node repair as separate nodes, so these do not connect at this location in the network graph.","I see no issue,no snap"
snap_gap,review_required,12360 / 63249 / 64653,2022050.76,822712.14,"Endpoint gap of 4.10 ft between pipe ends (12360 / 63249 / 64653) — survived the 10 ft end-node repair as separate nodes, so these do not connect at this location in the network graph.","I see no issue,no snap, just a small pipe, probably a lateral"
snap_gap,review_required,63691 / 63692 / 63693,2049902.4,825907.19,"Endpoint gap of 17.85 ft between pipe ends (63691 / 63692 / 63693) — survived the 10 ft end-node repair as separate nodes, so these do not connect at this location in the network graph.","no snap gap, just a weird pipe layout."
snap_gap,review_required,63490 / 63491 / 63496 / 63497,2031852.71,831940.61,"Endpoint gap of 19.48 ft between pipe ends (63490 / 63491 / 63496 / 63497) — survived the 10 ft end-node repair as separate nodes, so these do not connect at this location in the network graph.","no snap gap, just a weird pipe layout."
snap_gap,review_required,28496 / 34622 / 50475,2006536.47,785400.77,"Endpoint gap of 14.32 ft between pipe ends (28496 / 34622 / 50475) — survived the 10 ft end-node repair as separate nodes, so these do not connect at this location in the network graph.","looks like a lateral, no snap"
snap_gap,review_required,30481 / 30482 / 30483,2028349.43,774638.65,"Endpoint gap of 2.78 ft between pipe ends (30481 / 30482 / 30483) — survived the 10 ft end-node repair as separate nodes, so these do not connect at this location in the network graph.",YES SNAP
snap_gap,review_required,63490 / 63491 / 63492 / 63493,2031845.45,831932.61,"Endpoint gap of 18.78 ft between pipe ends (63490 / 63491 / 63492 / 63493) — survived the 10 ft end-node repair as separate nodes, so these do not connect at this location in the network graph.","no snap gap, just a weird pipe layout."
snap_gap,review_required,56062 / 56063,2055327.75,799877.36,"Endpoint gap of 18.81 ft between pipe ends (56062 / 56063) — survived the 10 ft end-node repair as separate nodes, so these do not connect at this location in the network graph.","no snap gap, someone added laterals to the gravity main."
snap_gap,review_required,09197 / 31823 / 31824,2032033.72,821201.19,"Endpoint gap of 9.63 ft between pipe ends (09197 / 31823 / 31824) — survived the 10 ft end-node repair as separate nodes, so these do not connect at this location in the network graph.","Note sure, but assume no snap"
snap_gap,review_required,55326 / 55515 / 55519,2063898.88,796118.03,"Endpoint gap of 15.87 ft between pipe ends (55326 / 55515 / 55519) — survived the 10 ft end-node repair as separate nodes, so these do not connect at this location in the network graph.",Genuinly do not connect. Flow goes in opposite directions.
snap_gap,review_required,12537 / 12648 / 51394,2018611.06,822237.58,"Endpoint gap of 16.55 ft between pipe ends (12537 / 12648 / 51394) — survived the 10 ft end-node repair as separate nodes, so these do not connect at this location in the network graph.",Genuinly do not connect. Flow goes in opposite directions.
snap_gap,review_required,57375 / 57376,2029362.62,815547.3,"Endpoint gap of 13.47 ft between pipe ends (57375 / 57376) — survived the 10 ft end-node repair as separate nodes, so these do not connect at this location in the network graph.","no snap, just weird parallel laterals"
snap_gap,review_required,63274 / 63275 / 64232,2067182.18,807051.45,"Endpoint gap of 1.00 ft between pipe ends (63274 / 63275 / 64232) — survived the 10 ft end-node repair as separate nodes, so these do not connect at this location in the network graph.","no snap, just a small pipe"
snap_gap,review_required,63606 / 64286 / 64287,2025074.12,837169.39,"Endpoint gap of 18.64 ft between pipe ends (63606 / 64286 / 64287) — survived the 10 ft end-node repair as separate nodes, so these do not connect at this location in the network graph.","no snap, wouldn�t have any impact"
snap_gap,review_required,13597 / 13598 / 13599 / 13603,2017224.92,817931.14,"Endpoint gap of 17.78 ft between pipe ends (13597 / 13598 / 13599 / 13603) — survived the 10 ft end-node repair as separate nodes, so these do not connect at this location in the network graph.","no snap, just weird parallel laterals"
snap_gap,review_required,01792 / 01797 / 01798,2040240.86,853418.58,"Endpoint gap of 18.33 ft between pipe ends (01792 / 01797 / 01798) — survived the 10 ft end-node repair as separate nodes, so these do not connect at this location in the network graph.","no snap, wouldn�t have any impact"
snap_gap,review_required,04079 / 04080 / 04081 / 04093,2022508.95,845089.96,"Endpoint gap of 19.56 ft between pipe ends (04079 / 04080 / 04081 / 04093) — survived the 10 ft end-node repair as separate nodes, so these do not connect at this location in the network graph.","might be near a pump station, no snap for now"
snap_gap,review_required,53510 / 53612 / 53619,2018282.06,821357.36,"Endpoint gap of 8.77 ft between pipe ends (53510 / 53612 / 53619) — survived the 10 ft end-node repair as separate nodes, so these do not connect at this location in the network graph.","no snap, just weird parallel laterals"
snap_gap,review_required,13052 / 52068 / 52069,2064276.16,811146.69,"Endpoint gap of 19.36 ft between pipe ends (13052 / 52068 / 52069) — survived the 10 ft end-node repair as separate nodes, so these do not connect at this location in the network graph.","just small pipes, no snap"
snap_gap,review_required,51545 / NDWRF-A,2040022.73,828780.54,"Endpoint gap of 16.62 ft between pipe ends (51545 / NDWRF-A) — survived the 10 ft end-node repair as separate nodes, so these do not connect at this location in the network graph.","WRF= water reclemation facility, no snap"
snap_gap,review_required,07196 / 55664 / 55665,2042657.76,829204.88,"Endpoint gap of 12.05 ft between pipe ends (07196 / 55664 / 55665) — survived the 10 ft end-node repair as separate nodes, so these do not connect at this location in the network graph.","no snap, wouldn�t have any impact"
snap_gap,review_required,59791 / 59792 / 59795,2028959.11,819520.42,"Endpoint gap of 18.24 ft between pipe ends (59791 / 59792 / 59795) — survived the 10 ft end-node repair as separate nodes, so these do not connect at this location in the network graph.","no snap, lateral/small pipe"
snap_gap,review_required,14906 / 14916 / 14917,2044233.22,814740.08,"Endpoint gap of 15.82 ft between pipe ends (14906 / 14916 / 14917) — survived the 10 ft end-node repair as separate nodes, so these do not connect at this location in the network graph.",no snap
snap_gap,review_required,09541 / 10149,2037440.86,819872.48,"Endpoint gap of 11.64 ft between pipe ends (09541 / 10149) — survived the 10 ft end-node repair as separate nodes, so these do not connect at this location in the network graph.",Genuinly do not connect. Flow goes in opposite directions.
snap_gap,review_required,41032 / 62115 / 62117,2029498.9,827109.2,"Endpoint gap of 5.42 ft between pipe ends (41032 / 62115 / 62117) — survived the 10 ft end-node repair as separate nodes, so these do not connect at this location in the network graph.","no snap, wouldn�t have any impact"
snap_gap,review_required,63490 / 63491 / 63495 / 63498,2031854.27,831936.45,"Endpoint gap of 10.79 ft between pipe ends (63490 / 63491 / 63495 / 63498) — survived the 10 ft end-node repair as separate nodes, so these do not connect at this location in the network graph.","no snap gap, just a weird pipe layout."
snap_gap,review_required,04080 / 04092 / 04093,2022524.47,845090.32,"Endpoint gap of 14.18 ft between pipe ends (04080 / 04092 / 04093) — survived the 10 ft end-node repair as separate nodes, so these do not connect at this location in the network graph.","might be near a pump station, no snap for now"
snap_gap,review_required,63494 / 63495 / 63496 / 63497,2031851.86,831952.08,"Endpoint gap of 15.98 ft between pipe ends (63494 / 63495 / 63496 / 63497) — survived the 10 ft end-node repair as separate nodes, so these do not connect at this location in the network graph.","no snap gap, just a weird pipe layout."
snap_gap,review_required,55087 / 55088 / 55090,2027736.08,818299.95,"Endpoint gap of 17.44 ft between pipe ends (55087 / 55088 / 55090) — survived the 10 ft end-node repair as separate nodes, so these do not connect at this location in the network graph.","no snap, lateral/small pipe"
snap_gap,review_required,63490 / 63491 / 63494 / 63495 / 63497,2031850.56,831938.66,"Endpoint gap of 17.30 ft between pipe ends (63490 / 63491 / 63494 / 63495 / 63497) — survived the 10 ft end-node repair as separate nodes, so these do not connect at this location in the network graph.","no snap gap, just a weird pipe layout."
snap_gap,review_required,63490 / 63491 / 63493 / 63494,2031846.94,831934.49,"Endpoint gap of 16.99 ft between pipe ends (63490 / 63491 / 63493 / 63494) — survived the 10 ft end-node repair as separate nodes, so these do not connect at this location in the network graph.","no snap gap, just a weird pipe layout."
snap_gap,review_required,26242 / 64306 / 64308,2007548.41,798457.32,"Endpoint gap of 15.91 ft between pipe ends (26242 / 64306 / 64308) — survived the 10 ft end-node repair as separate nodes, so these do not connect at this location in the network graph.","no snap, lateral/small pipe"
snap_gap,review_required,00322 / 53297 / 62925,2062733.53,806658.42,"Endpoint gap of 10.91 ft between pipe ends (00322 / 53297 / 62925) — survived the 10 ft end-node repair as separate nodes, so these do not connect at this location in the network graph.","no snap, wouldn�t have any impact"
snap_gap,review_required,12958 / 52987,2026572.36,819735.55,"Endpoint gap of 17.06 ft between pipe ends (12958 / 52987) — survived the 10 ft end-node repair as separate nodes, so these do not connect at this location in the network graph.",Genuinly do not connect. Flow goes in opposite directions.
snap_gap,review_required,09236 / 09245,2032622.31,820463.53,"Endpoint gap of 14.48 ft between pipe ends (09236 / 09245) — survived the 10 ft end-node repair as separate nodes, so these do not connect at this location in the network graph.",Genuinly do not connect. Flow goes in opposite directions.
snap_gap,review_required,06345 / 06346,2008884.91,846291.37,"Endpoint gap of 18.84 ft between pipe ends (06345 / 06346) — survived the 10 ft end-node repair as separate nodes, so these do not connect at this location in the network graph.","no snap, lateral/small pipe"
directed_cycle,review_required,08364 / 08368 / 08373 / 08374 / 08386,2041059.77,824629.04,Small directed loop: 2 nodes / 5 pipes form a cycle. Almost certainly one or two flipped pipes.,"08373 / 08374 are unconnected with everything else, just ignore. "
disconnected_component,warning,component_6,2040094.93,859639.13,Small isolated fragment: 22 node(s) / 21 pipe(s) not connected to any larger part of the network. Larger separate components are treated as distinct drainage basins and not flagged.,agree with assessment
disconnected_component,warning,component_9,2037327.48,852154.21,Small isolated fragment: 6 node(s) / 5 pipe(s) not connected to any larger part of the network. Larger separate components are treated as distinct drainage basins and not flagged.,agree with assessment. Goes from WWTP to outfall
disconnected_component,warning,component_10,2026824.66,854770.92,Small isolated fragment: 4 node(s) / 3 pipe(s) not connected to any larger part of the network. Larger separate components are treated as distinct drainage basins and not flagged.,agree with assessment
disconnected_component,warning,component_11,2026920.71,852003.76,Small isolated fragment: 7 node(s) / 6 pipe(s) not connected to any larger part of the network. Larger separate components are treated as distinct drainage basins and not flagged.,agree with assessment
disconnected_component,warning,component_13,2049739.43,852993.23,Small isolated fragment: 37 node(s) / 36 pipe(s) not connected to any larger part of the network. Larger separate components are treated as distinct drainage basins and not flagged.,agree with assessment
disconnected_component,warning,component_14,2049357.86,853258.01,Small isolated fragment: 2 node(s) / 1 pipe(s) not connected to any larger part of the network. Larger separate components are treated as distinct drainage basins and not flagged.,agree with assessment
disconnected_component,warning,component_15,2052360,845523.56,Small isolated fragment: 4 node(s) / 3 pipe(s) not connected to any larger part of the network. Larger separate components are treated as distinct drainage basins and not flagged.,agree with assessment
disconnected_component,warning,component_21,2046951.4,835530.89,Small isolated fragment: 38 node(s) / 37 pipe(s) not connected to any larger part of the network. Larger separate components are treated as distinct drainage basins and not flagged.,"agree with assessment, end at PS"
disconnected_component,warning,component_22,2022698.33,845517.51,Small isolated fragment: 22 node(s) / 21 pipe(s) not connected to any larger part of the network. Larger separate components are treated as distinct drainage basins and not flagged.,"agree with assessment, end at PS"
disconnected_component,warning,component_23,2022519.15,845065.32,Small isolated fragment: 3 node(s) / 2 pipe(s) not connected to any larger part of the network. Larger separate components are treated as distinct drainage basins and not flagged.,"agree with assessment, end at PS"
disconnected_component,warning,component_24,2020786.3,843726.9,Small isolated fragment: 34 node(s) / 33 pipe(s) not connected to any larger part of the network. Larger separate components are treated as distinct drainage basins and not flagged.,"agree with assessment, end at PS"
disconnected_component,warning,component_25,2018609,843856.89,Small isolated fragment: 47 node(s) / 46 pipe(s) not connected to any larger part of the network. Larger separate components are treated as distinct drainage basins and not flagged.,"agree with assessment, end at PS"
disconnected_component,warning,component_28,2058242.22,827010.56,Small isolated fragment: 4 node(s) / 3 pipe(s) not connected to any larger part of the network. Larger separate components are treated as distinct drainage basins and not flagged.,agree with assessment
disconnected_component,warning,component_30,2011020.76,843923.05,Small isolated fragment: 49 node(s) / 48 pipe(s) not connected to any larger part of the network. Larger separate components are treated as distinct drainage basins and not flagged.,
disconnected_component,warning,component_31,2007638.64,844465.82,Small isolated fragment: 29 node(s) / 28 pipe(s) not connected to any larger part of the network. Larger separate components are treated as distinct drainage basins and not flagged.,
disconnected_component,warning,component_34,2013222.08,841308.74,Small isolated fragment: 42 node(s) / 41 pipe(s) not connected to any larger part of the network. Larger separate components are treated as distinct drainage basins and not flagged.,
disconnected_component,warning,component_35,2041716.62,829347.97,Small isolated fragment: 15 node(s) / 14 pipe(s) not connected to any larger part of the network. Larger separate components are treated as distinct drainage basins and not flagged.,
disconnected_component,warning,component_37,2041676.99,824104.99,Small isolated fragment: 35 node(s) / 35 pipe(s) not connected to any larger part of the network. Larger separate components are treated as distinct drainage basins and not flagged.,
disconnected_component,warning,component_39,1994240.51,832742.77,Small isolated fragment: 2 node(s) / 1 pipe(s) not connected to any larger part of the network. Larger separate components are treated as distinct drainage basins and not flagged.,
disconnected_component,warning,component_40,1994224.69,832624.52,Small isolated fragment: 3 node(s) / 2 pipe(s) not connected to any larger part of the network. Larger separate components are treated as distinct drainage basins and not flagged.,
disconnected_component,warning,component_41,1992667.95,832619.45,Small isolated fragment: 7 node(s) / 6 pipe(s) not connected to any larger part of the network. Larger separate components are treated as distinct drainage basins and not flagged.,
disconnected_component,warning,component_43,2040176.86,816258.93,Small isolated fragment: 7 node(s) / 6 pipe(s) not connected to any larger part of the network. Larger separate components are treated as distinct drainage basins and not flagged.,
disconnected_component,warning,component_44,2024723.85,821600.15,Small isolated fragment: 30 node(s) / 29 pipe(s) not connected to any larger part of the network. Larger separate components are treated as distinct drainage basins and not flagged.,
disconnected_component,warning,component_45,2026851.19,825604.98,Small isolated fragment: 12 node(s) / 11 pipe(s) not connected to any larger part of the network. Larger separate components are treated as distinct drainage basins and not flagged.,
disconnected_component,warning,component_46,2017990.94,821294.65,Small isolated fragment: 36 node(s) / 35 pipe(s) not connected to any larger part of the network. Larger separate components are treated as distinct drainage basins and not flagged.,
disconnected_component,warning,component_47,2064337.29,810985.56,Small isolated fragment: 7 node(s) / 6 pipe(s) not connected to any larger part of the network. Larger separate components are treated as distinct drainage basins and not flagged.,
disconnected_component,warning,component_49,2040612.64,809693.02,Small isolated fragment: 7 node(s) / 6 pipe(s) not connected to any larger part of the network. Larger separate components are treated as distinct drainage basins and not flagged.,
disconnected_component,warning,component_50,2040118.47,809369.88,Small isolated fragment: 19 node(s) / 18 pipe(s) not connected to any larger part of the network. Larger separate components are treated as distinct drainage basins and not flagged.,
disconnected_component,warning,component_51,2007231.33,830505.69,Small isolated fragment: 2 node(s) / 1 pipe(s) not connected to any larger part of the network. Larger separate components are treated as distinct drainage basins and not flagged.,
disconnected_component,warning,component_52,2004352.58,830129.69,Small isolated fragment: 18 node(s) / 17 pipe(s) not connected to any larger part of the network. Larger separate components are treated as distinct drainage basins and not flagged.,
disconnected_component,warning,component_53,2013702.17,823835.68,Small isolated fragment: 3 node(s) / 2 pipe(s) not connected to any larger part of the network. Larger separate components are treated as distinct drainage basins and not flagged.,
disconnected_component,warning,component_54,2002674.53,817092.48,Small isolated fragment: 12 node(s) / 11 pipe(s) not connected to any larger part of the network. Larger separate components are treated as distinct drainage basins and not flagged.,
disconnected_component,warning,component_55,2040110.23,815667.18,Small isolated fragment: 4 node(s) / 3 pipe(s) not connected to any larger part of the network. Larger separate components are treated as distinct drainage basins and not flagged.,
disconnected_component,warning,component_56,2039624.99,809276.74,Small isolated fragment: 2 node(s) / 1 pipe(s) not connected to any larger part of the network. Larger separate components are treated as distinct drainage basins and not flagged.,
disconnected_component,warning,component_58,2019114.56,812156.38,Small isolated fragment: 7 node(s) / 6 pipe(s) not connected to any larger part of the network. Larger separate components are treated as distinct drainage basins and not flagged.,
disconnected_component,warning,component_59,2002012.75,813019.81,Small isolated fragment: 18 node(s) / 17 pipe(s) not connected to any larger part of the network. Larger separate components are treated as distinct drainage basins and not flagged.,
disconnected_component,warning,component_60,2001678.97,815030.66,Small isolated fragment: 2 node(s) / 1 pipe(s) not connected to any larger part of the network. Larger separate components are treated as distinct drainage basins and not flagged.,
disconnected_component,warning,component_65,2017560.24,785376.85,Small isolated fragment: 2 node(s) / 1 pipe(s) not connected to any larger part of the network. Larger separate components are treated as distinct drainage basins and not flagged.,
disconnected_component,warning,component_66,2000930.67,796566.55,Small isolated fragment: 13 node(s) / 12 pipe(s) not connected to any larger part of the network. Larger separate components are treated as distinct drainage basins and not flagged.,
disconnected_component,warning,component_69,2000437.8,794550.2,Small isolated fragment: 5 node(s) / 4 pipe(s) not connected to any larger part of the network. Larger separate components are treated as distinct drainage basins and not flagged.,
disconnected_component,warning,component_70,2010180.19,788244.77,Small isolated fragment: 18 node(s) / 17 pipe(s) not connected to any larger part of the network. Larger separate components are treated as distinct drainage basins and not flagged.,
disconnected_component,warning,component_73,2033683.95,779739,Small isolated fragment: 4 node(s) / 3 pipe(s) not connected to any larger part of the network. Larger separate components are treated as distinct drainage basins and not flagged.,
disconnected_component,warning,component_74,2032933.61,779136.03,Small isolated fragment: 7 node(s) / 6 pipe(s) not connected to any larger part of the network. Larger separate components are treated as distinct drainage basins and not flagged.,
disconnected_component,warning,component_75,2019778.28,778901.34,Small isolated fragment: 20 node(s) / 19 pipe(s) not connected to any larger part of the network. Larger separate components are treated as distinct drainage basins and not flagged.,
disconnected_component,warning,component_76,2028932.41,774936.67,Small isolated fragment: 26 node(s) / 25 pipe(s) not connected to any larger part of the network. Larger separate components are treated as distinct drainage basins and not flagged.,
disconnected_component,warning,component_77,2027879.02,775102.97,Small isolated fragment: 27 node(s) / 26 pipe(s) not connected to any larger part of the network. Larger separate components are treated as distinct drainage basins and not flagged.,
disconnected_component,warning,component_78,2026286.33,774768.15,Small isolated fragment: 10 node(s) / 9 pipe(s) not connected to any larger part of the network. Larger separate components are treated as distinct drainage basins and not flagged.,
disconnected_component,warning,component_79,2027140.9,775562.89,Small isolated fragment: 9 node(s) / 8 pipe(s) not connected to any larger part of the network. Larger separate components are treated as distinct drainage basins and not flagged.,
disconnected_component,warning,component_81,2001321.18,780408.87,Small isolated fragment: 8 node(s) / 7 pipe(s) not connected to any larger part of the network. Larger separate components are treated as distinct drainage basins and not flagged.,
disconnected_component,warning,component_82,2021818.5,822639.02,Small isolated fragment: 9 node(s) / 8 pipe(s) not connected to any larger part of the network. Larger separate components are treated as distinct drainage basins and not flagged.,
disconnected_component,warning,component_84,2040281.97,828713.78,Small isolated fragment: 2 node(s) / 1 pipe(s) not connected to any larger part of the network. Larger separate components are treated as distinct drainage basins and not flagged.,
disconnected_component,warning,component_85,2011565.77,782156.12,Small isolated fragment: 36 node(s) / 35 pipe(s) not connected to any larger part of the network. Larger separate components are treated as distinct drainage basins and not flagged.,
disconnected_component,warning,component_86,2001547.13,810004.6,Small isolated fragment: 4 node(s) / 3 pipe(s) not connected to any larger part of the network. Larger separate components are treated as distinct drainage basins and not flagged.,
disconnected_component,warning,component_87,2011369.25,817029.85,Small isolated fragment: 3 node(s) / 2 pipe(s) not connected to any larger part of the network. Larger separate components are treated as distinct drainage basins and not flagged.,
disconnected_component,warning,component_88,2040198.38,801779.04,Small isolated fragment: 2 node(s) / 1 pipe(s) not connected to any larger part of the network. Larger separate components are treated as distinct drainage basins and not flagged.,
disconnected_component,warning,component_91,2046476.84,829202.61,Small isolated fragment: 23 node(s) / 22 pipe(s) not connected to any larger part of the network. Larger separate components are treated as distinct drainage basins and not flagged.,
disconnected_component,warning,component_92,2020106.81,774846.29,Small isolated fragment: 26 node(s) / 25 pipe(s) not connected to any larger part of the network. Larger separate components are treated as distinct drainage basins and not flagged.,
disconnected_component,warning,component_93,2051620.46,854533.52,Small isolated fragment: 6 node(s) / 5 pipe(s) not connected to any larger part of the network. Larger separate components are treated as distinct drainage basins and not flagged.,
disconnected_component,warning,component_94,2009717.79,818782.11,Small isolated fragment: 7 node(s) / 6 pipe(s) not connected to any larger part of the network. Larger separate components are treated as distinct drainage basins and not flagged.,
disconnected_component,warning,component_95,2000654.54,792247.09,Small isolated fragment: 16 node(s) / 15 pipe(s) not connected to any larger part of the network. Larger separate components are treated as distinct drainage basins and not flagged.,
disconnected_component,warning,component_96,2040474.83,802995.43,Small isolated fragment: 2 node(s) / 1 pipe(s) not connected to any larger part of the network. Larger separate components are treated as distinct drainage basins and not flagged.,
disconnected_component,warning,component_97,2040016.62,804702.13,Small isolated fragment: 2 node(s) / 1 pipe(s) not connected to any larger part of the network. Larger separate components are treated as distinct drainage basins and not flagged.,
disconnected_component,warning,component_98,2039827.78,805721.89,Small isolated fragment: 2 node(s) / 1 pipe(s) not connected to any larger part of the network. Larger separate components are treated as distinct drainage basins and not flagged.,
disconnected_component,warning,component_99,2020283.21,776414.83,Small isolated fragment: 3 node(s) / 2 pipe(s) not connected to any larger part of the network. Larger separate components are treated as distinct drainage basins and not flagged.,
disconnected_component,warning,component_100,2009184.52,810442.36,Small isolated fragment: 6 node(s) / 5 pipe(s) not connected to any larger part of the network. Larger separate components are treated as distinct drainage basins and not flagged.,
disconnected_component,warning,component_101,2033227.97,782904.45,Small isolated fragment: 3 node(s) / 2 pipe(s) not connected to any larger part of the network. Larger separate components are treated as distinct drainage basins and not flagged.,
disconnected_component,warning,component_102,2027024.08,852573.08,Small isolated fragment: 11 node(s) / 10 pipe(s) not connected to any larger part of the network. Larger separate components are treated as distinct drainage basins and not flagged.,
disconnected_component,warning,component_103,2028271.37,837328.74,Small isolated fragment: 3 node(s) / 2 pipe(s) not connected to any larger part of the network. Larger separate components are treated as distinct drainage basins and not flagged.,
disconnected_component,warning,component_104,2016292.55,800640.83,Small isolated fragment: 2 node(s) / 1 pipe(s) not connected to any larger part of the network. Larger separate components are treated as distinct drainage basins and not flagged.,
disconnected_component,warning,component_106,2021643.42,774475.6,Small isolated fragment: 7 node(s) / 6 pipe(s) not connected to any larger part of the network. Larger separate components are treated as distinct drainage basins and not flagged.,
disconnected_component,warning,component_107,2026241.25,852944.79,Small isolated fragment: 5 node(s) / 4 pipe(s) not connected to any larger part of the network. Larger separate components are treated as distinct drainage basins and not flagged.,
disconnected_component,warning,component_108,2030479.05,830686.17,Small isolated fragment: 3 node(s) / 2 pipe(s) not connected to any larger part of the network. Larger separate components are treated as distinct drainage basins and not flagged.,
disconnected_component,warning,component_110,2016793.92,821311.13,Small isolated fragment: 7 node(s) / 6 pipe(s) not connected to any larger part of the network. Larger separate components are treated as distinct drainage basins and not flagged.,
disconnected_component,warning,component_111,2045350,859495,Small isolated fragment: 2 node(s) / 1 pipe(s) not connected to any larger part of the network. Larger separate components are treated as distinct drainage basins and not flagged.,
disconnected_component,warning,component_112,2002398.79,777500.92,Small isolated fragment: 41 node(s) / 40 pipe(s) not connected to any larger part of the network. Larger separate components are treated as distinct drainage basins and not flagged.,
disconnected_component,warning,component_113,2022095.56,774114.44,Small isolated fragment: 7 node(s) / 6 pipe(s) not connected to any larger part of the network. Larger separate components are treated as distinct drainage basins and not flagged.,
disconnected_component,warning,component_114,2017922.43,831941.72,Small isolated fragment: 11 node(s) / 10 pipe(s) not connected to any larger part of the network. Larger separate components are treated as distinct drainage basins and not flagged.,
disconnected_component,warning,component_115,2002902.82,792189.18,Small isolated fragment: 11 node(s) / 10 pipe(s) not connected to any larger part of the network. Larger separate components are treated as distinct drainage basins and not flagged.,
disconnected_component,warning,component_116,2017952.11,819305.85,Small isolated fragment: 4 node(s) / 3 pipe(s) not connected to any larger part of the network. Larger separate components are treated as distinct drainage basins and not flagged.,
disconnected_component,warning,component_117,2018062.99,820202.27,Small isolated fragment: 2 node(s) / 1 pipe(s) not connected to any larger part of the network. Larger separate components are treated as distinct drainage basins and not flagged.,
disconnected_component,warning,component_119,2004230.12,788074.38,Small isolated fragment: 4 node(s) / 3 pipe(s) not connected to any larger part of the network. Larger separate components are treated as distinct drainage basins and not flagged.,
disconnected_component,warning,component_120,2015501.2,825936.64,Small isolated fragment: 4 node(s) / 3 pipe(s) not connected to any larger part of the network. Larger separate components are treated as distinct drainage basins and not flagged.,
disconnected_component,warning,component_121,2015567.88,818047.52,Small isolated fragment: 12 node(s) / 11 pipe(s) not connected to any larger part of the network. Larger separate components are treated as distinct drainage basins and not flagged.,
disconnected_component,warning,component_122,2018569.6,786679.92,Small isolated fragment: 1 node(s) / 1 pipe(s) not connected to any larger part of the network. Larger separate components are treated as distinct drainage basins and not flagged.,
disconnected_component,warning,component_123,2013992.44,807176.57,Small isolated fragment: 5 node(s) / 4 pipe(s) not connected to any larger part of the network. Larger separate components are treated as distinct drainage basins and not flagged.,
disconnected_component,warning,component_124,2019753.29,843825.99,Small isolated fragment: 4 node(s) / 3 pipe(s) not connected to any larger part of the network. Larger separate components are treated as distinct drainage basins and not flagged.,
disconnected_component,warning,component_125,2006276.65,784073.8,Small isolated fragment: 5 node(s) / 4 pipe(s) not connected to any larger part of the network. Larger separate components are treated as distinct drainage basins and not flagged.,
disconnected_component,warning,component_126,2024224.91,821354.29,Small isolated fragment: 5 node(s) / 4 pipe(s) not connected to any larger part of the network. Larger separate components are treated as distinct drainage basins and not flagged.,
disconnected_component,warning,component_129,2034470.44,839331.34,Small isolated fragment: 27 node(s) / 26 pipe(s) not connected to any larger part of the network. Larger separate components are treated as distinct drainage basins and not flagged.,
disconnected_component,warning,component_130,2042758.97,797355.88,Small isolated fragment: 20 node(s) / 19 pipe(s) not connected to any larger part of the network. Larger separate components are treated as distinct drainage basins and not flagged.,
disconnected_component,warning,component_131,2067488.21,792487.86,Small isolated fragment: 10 node(s) / 9 pipe(s) not connected to any larger part of the network. Larger separate components are treated as distinct drainage basins and not flagged.,
disconnected_component,warning,component_132,2022061.36,802419.53,Small isolated fragment: 3 node(s) / 2 pipe(s) not connected to any larger part of the network. Larger separate components are treated as distinct drainage basins and not flagged.,
disconnected_component,warning,component_134,2013704.53,772510.97,Small isolated fragment: 36 node(s) / 35 pipe(s) not connected to any larger part of the network. Larger separate components are treated as distinct drainage basins and not flagged.,
disconnected_component,warning,component_135,2046524.81,832917.39,Small isolated fragment: 48 node(s) / 47 pipe(s) not connected to any larger part of the network. Larger separate components are treated as distinct drainage basins and not flagged.,
disconnected_component,warning,component_136,2049121.77,825191.07,Small isolated fragment: 20 node(s) / 19 pipe(s) not connected to any larger part of the network. Larger separate components are treated as distinct drainage basins and not flagged.,
disconnected_component,warning,component_137,2007164.18,783968.12,Small isolated fragment: 3 node(s) / 2 pipe(s) not connected to any larger part of the network. Larger separate components are treated as distinct drainage basins and not flagged.,
disconnected_component,warning,component_139,2029888.32,819632.19,Small isolated fragment: 2 node(s) / 1 pipe(s) not connected to any larger part of the network. Larger separate components are treated as distinct drainage basins and not flagged.,
disconnected_component,warning,component_140,2066511.8,801862.42,Small isolated fragment: 4 node(s) / 3 pipe(s) not connected to any larger part of the network. Larger separate components are treated as distinct drainage basins and not flagged.,
disconnected_component,warning,component_141,2059279.13,824575.48,Small isolated fragment: 25 node(s) / 24 pipe(s) not connected to any larger part of the network. Larger separate components are treated as distinct drainage basins and not flagged.,
disconnected_component,warning,component_142,2058512.82,823135.77,Small isolated fragment: 6 node(s) / 5 pipe(s) not connected to any larger part of the network. Larger separate components are treated as distinct drainage basins and not flagged.,
disconnected_component,warning,component_143,2050492.31,798305.38,Small isolated fragment: 10 node(s) / 9 pipe(s) not connected to any larger part of the network. Larger separate components are treated as distinct drainage basins and not flagged.,
disconnected_component,warning,component_144,2049622.05,798330.26,Small isolated fragment: 5 node(s) / 4 pipe(s) not connected to any larger part of the network. Larger separate components are treated as distinct drainage basins and not flagged.,
disconnected_component,warning,component_145,2011297.08,831721.1,Small isolated fragment: 10 node(s) / 9 pipe(s) not connected to any larger part of the network. Larger separate components are treated as distinct drainage basins and not flagged.,
disconnected_component,warning,component_146,2066410.51,797806.88,Small isolated fragment: 4 node(s) / 3 pipe(s) not connected to any larger part of the network. Larger separate components are treated as distinct drainage basins and not flagged.,
disconnected_component,warning,component_147,2055977.26,804207.13,Small isolated fragment: 9 node(s) / 8 pipe(s) not connected to any larger part of the network. Larger separate components are treated as distinct drainage basins and not flagged.,
isolated_manhole,warning,260,2027016.96,854549.95,Manhole 00260 does not appear in FROMMH/TOMH and is 33.5 ft from the nearest pipe endpoint — genuinely disconnected or outside the mapped network.,
isolated_manhole,warning,2519,2019838.51,848111.89,"Manhole 02519 not found in FROMMH/TOMH attributes, but snaps to a pipe endpoint 0.0 ft away — likely an ID mismatch between the manholes layer and the pipes layer.",
isolated_manhole,warning,2520,2026666.82,854463.07,Manhole 02520 does not appear in FROMMH/TOMH and is 302.6 ft from the nearest pipe endpoint — genuinely disconnected or outside the mapped network.,
isolated_manhole,warning,2525,2026985.2,854490.21,Manhole 02525 does not appear in FROMMH/TOMH and is 101.0 ft from the nearest pipe endpoint — genuinely disconnected or outside the mapped network.,
isolated_manhole,warning,2776,2040145.9,860407.58,Manhole 02776 does not appear in FROMMH/TOMH and is 108.6 ft from the nearest pipe endpoint — genuinely disconnected or outside the mapped network.,
isolated_manhole,warning,2777,2040260.66,860334.3,Manhole 02777 does not appear in FROMMH/TOMH and is 38.2 ft from the nearest pipe endpoint — genuinely disconnected or outside the mapped network.,
isolated_manhole,warning,3172,2040232.73,860381.15,Manhole 03172 does not appear in FROMMH/TOMH and is 88.5 ft from the nearest pipe endpoint — genuinely disconnected or outside the mapped network.,
isolated_manhole,warning,OWASA-16,2000503.88,794837.06,"Manhole OWASA-16 not found in FROMMH/TOMH attributes, but snaps to a pipe endpoint 0.0 ft away — likely an ID mismatch between the manholes layer and the pipes layer.",
isolated_manhole,warning,OWASA-17,2000497.09,794711.22,"Manhole OWASA-17 not found in FROMMH/TOMH attributes, but snaps to a pipe endpoint 0.0 ft away — likely an ID mismatch between the manholes layer and the pipes layer.",
isolated_manhole,warning,OWASA-01,2000453.9,794521.62,"Manhole OWASA-01 not found in FROMMH/TOMH attributes, but snaps to a pipe endpoint 0.0 ft away — likely an ID mismatch between the manholes layer and the pipes layer.",
isolated_manhole,warning,OWASA-02,2000287.25,794370.72,"Manhole OWASA-02 not found in FROMMH/TOMH attributes, but snaps to a pipe endpoint 0.0 ft away — likely an ID mismatch between the manholes layer and the pipes layer.",
isolated_manhole,warning,OWASA-04,2001023.18,796848.67,"Manhole OWASA-04 not found in FROMMH/TOMH attributes, but snaps to a pipe endpoint 0.0 ft away — likely an ID mismatch between the manholes layer and the pipes layer.",
isolated_manhole,warning,9066,2010290.61,807288.21,"Manhole 09066 not found in FROMMH/TOMH attributes, but snaps to a pipe endpoint 0.0 ft away — likely an ID mismatch between the manholes layer and the pipes layer.",
isolated_manhole,warning,10735,2029398.74,804756.36,"Manhole 10735 not found in FROMMH/TOMH attributes, but snaps to a pipe endpoint 0.0 ft away — likely an ID mismatch between the manholes layer and the pipes layer.",
isolated_manhole,warning,11648,2031289.95,802067.16,"Manhole 11648 not found in FROMMH/TOMH attributes, but snaps to a pipe endpoint 0.0 ft away — likely an ID mismatch between the manholes layer and the pipes layer.",
isolated_manhole,warning,16316,2026471.95,775438.34,"Manhole 16316 not found in FROMMH/TOMH attributes, but snaps to a pipe endpoint 0.0 ft away — likely an ID mismatch between the manholes layer and the pipes layer.",
isolated_manhole,warning,21283,2033896.98,824083.54,Manhole 21283 does not appear in FROMMH/TOMH and is 139.7 ft from the nearest pipe endpoint — genuinely disconnected or outside the mapped network.,
isolated_manhole,warning,22005,2044842.92,821914.42,"Manhole 22005 not found in FROMMH/TOMH attributes, but snaps to a pipe endpoint 0.0 ft away — likely an ID mismatch between the manholes layer and the pipes layer.",
isolated_manhole,warning,23765,2024620.41,837567.24,"Manhole 23765 not found in FROMMH/TOMH attributes, but snaps to a pipe endpoint 0.0 ft away — likely an ID mismatch between the manholes layer and the pipes layer.",
isolated_manhole,warning,25093,2012099.43,846333.78,"Manhole 25093 not found in FROMMH/TOMH attributes, but snaps to a pipe endpoint 0.0 ft away — likely an ID mismatch between the manholes layer and the pipes layer.",
isolated_manhole,warning,25514,2026676.32,854095.9,Manhole 25514 does not appear in FROMMH/TOMH and is 564.5 ft from the nearest pipe endpoint — genuinely disconnected or outside the mapped network.,
isolated_manhole,warning,25557,2037442.13,852523.97,Manhole 25557 does not appear in FROMMH/TOMH and is 6.0 ft from the nearest pipe endpoint — genuinely disconnected or outside the mapped network.,
isolated_manhole,warning,25954,2037153.18,852128.16,"Manhole 25954 not found in FROMMH/TOMH attributes, but snaps to a pipe endpoint 0.0 ft away — likely an ID mismatch between the manholes layer and the pipes layer.",
isolated_manhole,warning,26103,2041505.78,866506.52,"Manhole 26103 not found in FROMMH/TOMH attributes, but snaps to a pipe endpoint 0.0 ft away — likely an ID mismatch between the manholes layer and the pipes layer.",
isolated_manhole,warning,58650,2031311.18,814870.36,"Manhole 58650 not found in FROMMH/TOMH attributes, but snaps to a pipe endpoint 0.0 ft away — likely an ID mismatch between the manholes layer and the pipes layer.",
isolated_manhole,warning,28436,2035982.94,811228.9,"Manhole 28436 not found in FROMMH/TOMH attributes, but snaps to a pipe endpoint 0.0 ft away — likely an ID mismatch between the manholes layer and the pipes layer.",
isolated_manhole,warning,58636,2021769.33,824660.24,"Manhole 58636 not found in FROMMH/TOMH attributes, but snaps to a pipe endpoint 0.0 ft away — likely an ID mismatch between the manholes layer and the pipes layer.",
isolated_manhole,warning,58635,2021697.11,824431.97,"Manhole 58635 not found in FROMMH/TOMH attributes, but snaps to a pipe endpoint 0.0 ft away — likely an ID mismatch between the manholes layer and the pipes layer.",
isolated_manhole,warning,58643,2021691.63,824344.73,"Manhole 58643 not found in FROMMH/TOMH attributes, but snaps to a pipe endpoint 0.0 ft away — likely an ID mismatch between the manholes layer and the pipes layer.",
isolated_manhole,warning,58637,2022011.43,823912.62,"Manhole 58637 not found in FROMMH/TOMH attributes, but snaps to a pipe endpoint 0.0 ft away — likely an ID mismatch between the manholes layer and the pipes layer.",
isolated_manhole,warning,29721,2037311.63,823113.75,Manhole 29721 does not appear in FROMMH/TOMH and is 182.5 ft from the nearest pipe endpoint — genuinely disconnected or outside the mapped network.,
isolated_manhole,warning,29969,2033958.97,824159.2,Manhole 29969 does not appear in FROMMH/TOMH and is 66.7 ft from the nearest pipe endpoint — genuinely disconnected or outside the mapped network.,
isolated_manhole,warning,30034,2014443.51,822292.1,"Manhole 30034 not found in FROMMH/TOMH attributes, but snaps to a pipe endpoint 0.0 ft away — likely an ID mismatch between the manholes layer and the pipes layer.",
isolated_manhole,warning,30171,2024285.24,812882.47,"Manhole 30171 not found in FROMMH/TOMH attributes, but snaps to a pipe endpoint 0.0 ft away — likely an ID mismatch between the manholes layer and the pipes layer.",
isolated_manhole,warning,30379,2033777.36,830884.02,"Manhole 30379 not found in FROMMH/TOMH attributes, but snaps to a pipe endpoint 0.0 ft away — likely an ID mismatch between the manholes layer and the pipes layer.",
isolated_manhole,warning,30658,2027621.76,837156.28,"Manhole 30658 not found in FROMMH/TOMH attributes, but snaps to a pipe endpoint 0.0 ft away — likely an ID mismatch between the manholes layer and the pipes layer.",
isolated_manhole,warning,30671,2019029.81,798675.86,"Manhole 30671 not found in FROMMH/TOMH attributes, but snaps to a pipe endpoint 0.0 ft away — likely an ID mismatch between the manholes layer and the pipes layer.",
isolated_manhole,warning,OWASA-03,2000364.75,794337.86,"Manhole OWASA-03 not found in FROMMH/TOMH attributes, but snaps to a pipe endpoint 0.0 ft away — likely an ID mismatch between the manholes layer and the pipes layer.",
isolated_manhole,warning,35094,2028003.27,810392.7,"Manhole 35094 not found in FROMMH/TOMH attributes, but snaps to a pipe endpoint 0.0 ft away — likely an ID mismatch between the manholes layer and the pipes layer.",
isolated_manhole,warning,35275,2027906.9,810373.25,"Manhole 35275 not found in FROMMH/TOMH attributes, but snaps to a pipe endpoint 0.0 ft away — likely an ID mismatch between the manholes layer and the pipes layer.",
isolated_manhole,warning,32331,2009723.79,804788.83,"Manhole 32331 not found in FROMMH/TOMH attributes, but snaps to a pipe endpoint 0.0 ft away — likely an ID mismatch between the manholes layer and the pipes layer.",
isolated_manhole,warning,32332,2017858.72,782164.54,"Manhole 32332 not found in FROMMH/TOMH attributes, but snaps to a pipe endpoint 0.0 ft away — likely an ID mismatch between the manholes layer and the pipes layer.",
isolated_manhole,warning,31760,2019021.21,817697.31,"Manhole 31760 not found in FROMMH/TOMH attributes, but snaps to a pipe endpoint 0.0 ft away — likely an ID mismatch between the manholes layer and the pipes layer.",
isolated_manhole,warning,40005,2017954.48,812595.2,"Manhole 40005 not found in FROMMH/TOMH attributes, but snaps to a pipe endpoint 0.0 ft away — likely an ID mismatch between the manholes layer and the pipes layer.",
isolated_manhole,warning,40004,2018120.51,812350.53,"Manhole 40004 not found in FROMMH/TOMH attributes, but snaps to a pipe endpoint 0.0 ft away — likely an ID mismatch between the manholes layer and the pipes layer.",
isolated_manhole,warning,31761,2031748.1,823050.78,"Manhole 31761 not found in FROMMH/TOMH attributes, but snaps to a pipe endpoint 0.0 ft away — likely an ID mismatch between the manholes layer and the pipes layer.",
isolated_manhole,warning,31762,2030108.53,823899.39,"Manhole 31762 not found in FROMMH/TOMH attributes, but snaps to a pipe endpoint 0.0 ft away — likely an ID mismatch between the manholes layer and the pipes layer.",
isolated_manhole,warning,31773,2027135.65,845102.89,"Manhole 31773 not found in FROMMH/TOMH attributes, but snaps to a pipe endpoint 0.0 ft away — likely an ID mismatch between the manholes layer and the pipes layer.",
isolated_manhole,warning,WW211,2020476.9,844215.8,"Manhole WW211 not found in FROMMH/TOMH attributes, but snaps to a pipe endpoint 0.0 ft away — likely an ID mismatch between the manholes layer and the pipes layer.",
isolated_manhole,warning,WW212,2022518.65,845050.03,"Manhole WW212 not found in FROMMH/TOMH attributes, but snaps to a pipe endpoint 0.0 ft away — likely an ID mismatch between the manholes layer and the pipes layer.",
isolated_manhole,warning,WW213,2040442.21,844578.23,"Manhole WW213 not found in FROMMH/TOMH attributes, but snaps to a pipe endpoint 0.0 ft away — likely an ID mismatch between the manholes layer and the pipes layer.",
isolated_manhole,warning,32076,2001466.3,792887.3,Manhole 32076 does not appear in FROMMH/TOMH and is 92.0 ft from the nearest pipe endpoint — genuinely disconnected or outside the mapped network.,
isolated_manhole,warning,32078,2001591.15,792911.47,Manhole 32078 does not appear in FROMMH/TOMH and is 216.5 ft from the nearest pipe endpoint — genuinely disconnected or outside the mapped network.,
isolated_manhole,warning,40015,2018223.96,815099.23,"Manhole 40015 not found in FROMMH/TOMH attributes, but snaps to a pipe endpoint 0.0 ft away — likely an ID mismatch between the manholes layer and the pipes layer.",
isolated_manhole,warning,2522,2026620.01,853500.03,Manhole 02522 does not appear in FROMMH/TOMH and is 457.0 ft from the nearest pipe endpoint — genuinely disconnected or outside the mapped network.,
isolated_manhole,warning,32097,2001367.81,809978.85,"Manhole 32097 not found in FROMMH/TOMH attributes, but snaps to a pipe endpoint 0.0 ft away — likely an ID mismatch between the manholes layer and the pipes layer.",
isolated_manhole,warning,42034,2021940.39,830375.11,"Manhole 42034 not found in FROMMH/TOMH attributes, but snaps to a pipe endpoint 0.0 ft away — likely an ID mismatch between the manholes layer and the pipes layer.",
isolated_manhole,warning,35102,2023644.14,813109.38,"Manhole 35102 not found in FROMMH/TOMH attributes, but snaps to a pipe endpoint 0.0 ft away — likely an ID mismatch between the manholes layer and the pipes layer.",
isolated_manhole,warning,32108,2009230.25,819185.45,Manhole 32108 does not appear in FROMMH/TOMH and is 271.6 ft from the nearest pipe endpoint — genuinely disconnected or outside the mapped network.,
isolated_manhole,warning,32275,2025408.12,814715.35,Manhole 32275 does not appear in FROMMH/TOMH and is 101.8 ft from the nearest pipe endpoint — genuinely disconnected or outside the mapped network.,
isolated_manhole,warning,32521,2020816.12,841814.5,Manhole 32521 does not appear in FROMMH/TOMH and is 161.9 ft from the nearest pipe endpoint — genuinely disconnected or outside the mapped network.,
isolated_manhole,warning,35120,2029552.76,807089.65,"Manhole 35120 not found in FROMMH/TOMH attributes, but snaps to a pipe endpoint 0.0 ft away — likely an ID mismatch between the manholes layer and the pipes layer.",
isolated_manhole,warning,35214,2033034.99,818222.11,"Manhole 35214 not found in FROMMH/TOMH attributes, but snaps to a pipe endpoint 0.0 ft away — likely an ID mismatch between the manholes layer and the pipes layer.",
isolated_manhole,warning,32895,2013352.1,803688.4,Manhole 32895 does not appear in FROMMH/TOMH and is 242.0 ft from the nearest pipe endpoint — genuinely disconnected or outside the mapped network.,
isolated_manhole,warning,36013,2033071.59,812861.5,"Manhole 36013 not found in FROMMH/TOMH attributes, but snaps to a pipe endpoint 0.0 ft away — likely an ID mismatch between the manholes layer and the pipes layer.",
isolated_manhole,warning,33035,2008030.57,831631.66,Manhole 33035 does not appear in FROMMH/TOMH and is 560.0 ft from the nearest pipe endpoint — genuinely disconnected or outside the mapped network.,
isolated_manhole,warning,33139,2035277.16,809703.59,Manhole 33139 does not appear in FROMMH/TOMH and is 156.3 ft from the nearest pipe endpoint — genuinely disconnected or outside the mapped network.,
isolated_manhole,warning,33182,2011069.53,791228.97,"Manhole 33182 not found in FROMMH/TOMH attributes, but snaps to a pipe endpoint 0.0 ft away — likely an ID mismatch between the manholes layer and the pipes layer.",
isolated_manhole,warning,33325,2039934.18,809069.58,"Manhole 33325 not found in FROMMH/TOMH attributes, but snaps to a pipe endpoint 0.0 ft away — likely an ID mismatch between the manholes layer and the pipes layer.",
isolated_manhole,warning,33515,2010209.32,829352.04,Manhole 33515 does not appear in FROMMH/TOMH and is 285.0 ft from the nearest pipe endpoint — genuinely disconnected or outside the mapped network.,
isolated_manhole,warning,33658,2027898.82,779000.71,Manhole 33658 does not appear in FROMMH/TOMH and is 293.0 ft from the nearest pipe endpoint — genuinely disconnected or outside the mapped network.,
isolated_manhole,warning,33717,2020997.97,833335.57,Manhole 33717 does not appear in FROMMH/TOMH and is 167.8 ft from the nearest pipe endpoint — genuinely disconnected or outside the mapped network.,
isolated_manhole,warning,51485,2028819.19,847603.96,"Manhole 51485 not found in FROMMH/TOMH attributes, but snaps to a pipe endpoint 0.0 ft away — likely an ID mismatch between the manholes layer and the pipes layer.",
isolated_manhole,warning,51486,2028688.72,847559.03,"Manhole 51486 not found in FROMMH/TOMH attributes, but snaps to a pipe endpoint 0.0 ft away — likely an ID mismatch between the manholes layer and the pipes layer.",
isolated_manhole,warning,51487,2028633.42,847525.04,"Manhole 51487 not found in FROMMH/TOMH attributes, but snaps to a pipe endpoint 0.0 ft away — likely an ID mismatch between the manholes layer and the pipes layer.",
isolated_manhole,warning,36001,2039930.94,812216.29,"Manhole 36001 not found in FROMMH/TOMH attributes, but snaps to a pipe endpoint 0.0 ft away — likely an ID mismatch between the manholes layer and the pipes layer.",
isolated_manhole,warning,51488,2012424.85,827738.35,"Manhole 51488 not found in FROMMH/TOMH attributes, but snaps to a pipe endpoint 0.0 ft away — likely an ID mismatch between the manholes layer and the pipes layer.",
isolated_manhole,warning,50014,2024156.78,822785.7,"Manhole 50014 not found in FROMMH/TOMH attributes, but snaps to a pipe endpoint 0.0 ft away — likely an ID mismatch between the manholes layer and the pipes layer.",
isolated_manhole,warning,50032,2018172.14,820966.82,"Manhole 50032 not found in FROMMH/TOMH attributes, but snaps to a pipe endpoint 0.0 ft away — likely an ID mismatch between the manholes layer and the pipes layer.",
isolated_manhole,warning,57081,2031968.72,783808.16,"Manhole 57081 not found in FROMMH/TOMH attributes, but snaps to a pipe endpoint 0.0 ft away — likely an ID mismatch between the manholes layer and the pipes layer.",
isolated_manhole,warning,57082,2038347.36,829285.97,"Manhole 57082 not found in FROMMH/TOMH attributes, but snaps to a pipe endpoint 0.0 ft away — likely an ID mismatch between the manholes layer and the pipes layer.",
isolated_manhole,warning,50789,2040051.06,798552.69,"Manhole 50789 not found in FROMMH/TOMH attributes, but snaps to a pipe endpoint 0.0 ft away — likely an ID mismatch between the manholes layer and the pipes layer.",
isolated_manhole,warning,50919,2018450.35,821189.1,Manhole 50919 does not appear in FROMMH/TOMH and is 55.7 ft from the nearest pipe endpoint — genuinely disconnected or outside the mapped network.,
isolated_manhole,warning,50920,2018488.17,821209.43,Manhole 50920 does not appear in FROMMH/TOMH and is 89.9 ft from the nearest pipe endpoint — genuinely disconnected or outside the mapped network.,
isolated_manhole,warning,50921,2018523.73,821228.71,Manhole 50921 does not appear in FROMMH/TOMH and is 77.2 ft from the nearest pipe endpoint — genuinely disconnected or outside the mapped network.,
isolated_manhole,warning,51081,2017356.29,819231.52,"Manhole 51081 not found in FROMMH/TOMH attributes, but snaps to a pipe endpoint 0.0 ft away — likely an ID mismatch between the manholes layer and the pipes layer.",
isolated_manhole,warning,51157,2040079.07,798705.31,Manhole 51157 does not appear in FROMMH/TOMH and is 155.2 ft from the nearest pipe endpoint — genuinely disconnected or outside the mapped network.,
isolated_manhole,warning,51158,2039910.64,799298.63,Manhole 51158 does not appear in FROMMH/TOMH and is 22.2 ft from the nearest pipe endpoint — genuinely disconnected or outside the mapped network.,
isolated_manhole,warning,51326,2003897.56,798318.03,Manhole 51326 does not appear in FROMMH/TOMH and is 309.2 ft from the nearest pipe endpoint — genuinely disconnected or outside the mapped network.,
isolated_manhole,warning,51327,2004042.01,798291.03,Manhole 51327 does not appear in FROMMH/TOMH and is 241.2 ft from the nearest pipe endpoint — genuinely disconnected or outside the mapped network.,
isolated_manhole,warning,51328,2003932.84,798175.4,Manhole 51328 does not appear in FROMMH/TOMH and is 172.8 ft from the nearest pipe endpoint — genuinely disconnected or outside the mapped network.,
isolated_manhole,warning,51329,2003893.12,798088.18,Manhole 51329 does not appear in FROMMH/TOMH and is 163.2 ft from the nearest pipe endpoint — genuinely disconnected or outside the mapped network.,
isolated_manhole,warning,51324,2055192.06,800441.16,"Manhole 51324 not found in FROMMH/TOMH attributes, but snaps to a pipe endpoint 0.0 ft away — likely an ID mismatch between the manholes layer and the pipes layer.",
isolated_manhole,warning,51315,2025971.39,847190.83,Manhole 51315 does not appear in FROMMH/TOMH and is 141.8 ft from the nearest pipe endpoint — genuinely disconnected or outside the mapped network.,
isolated_manhole,warning,40111,2029744.67,818921.08,"Manhole 40111 not found in FROMMH/TOMH attributes, but snaps to a pipe endpoint 0.0 ft away — likely an ID mismatch between the manholes layer and the pipes layer.",
isolated_manhole,warning,51361,2033403.43,825149.98,"Manhole 51361 not found in FROMMH/TOMH attributes, but snaps to a pipe endpoint 0.0 ft away — likely an ID mismatch between the manholes layer and the pipes layer.",
isolated_manhole,warning,51362,2033624.14,825204.61,"Manhole 51362 not found in FROMMH/TOMH attributes, but snaps to a pipe endpoint 0.0 ft away — likely an ID mismatch between the manholes layer and the pipes layer.",
isolated_manhole,warning,51422,2029784.6,818920.79,"Manhole 51422 not found in FROMMH/TOMH attributes, but snaps to a pipe endpoint 0.0 ft away — likely an ID mismatch between the manholes layer and the pipes layer.",
isolated_manhole,warning,42070,2031817.03,823510.96,"Manhole 42070 not found in FROMMH/TOMH attributes, but snaps to a pipe endpoint 0.0 ft away — likely an ID mismatch between the manholes layer and the pipes layer.",
isolated_manhole,warning,21636,2032758.8,824892.79,"Manhole 21636 not found in FROMMH/TOMH attributes, but snaps to a pipe endpoint 0.0 ft away — likely an ID mismatch between the manholes layer and the pipes layer.",
isolated_manhole,warning,51623,2028939.97,774704.3,Manhole 51623 does not appear in FROMMH/TOMH and is 56.0 ft from the nearest pipe endpoint — genuinely disconnected or outside the mapped network.,
isolated_manhole,warning,51647,2005794.7,800696.1,Manhole 51647 does not appear in FROMMH/TOMH and is 102.7 ft from the nearest pipe endpoint — genuinely disconnected or outside the mapped network.,
isolated_manhole,warning,51645,2006197,800665.6,Manhole 51645 does not appear in FROMMH/TOMH and is 95.6 ft from the nearest pipe endpoint — genuinely disconnected or outside the mapped network.,
isolated_manhole,warning,36023,2025298,777361.59,"Manhole 36023 not found in FROMMH/TOMH attributes, but snaps to a pipe endpoint 0.0 ft away — likely an ID mismatch between the manholes layer and the pipes layer.",
isolated_manhole,warning,51743,2022597.92,845090.7,Manhole 51743 does not appear in FROMMH/TOMH and is 15.8 ft from the nearest pipe endpoint — genuinely disconnected or outside the mapped network.,
isolated_manhole,warning,51978,2029878.65,817691.38,Manhole 51978 does not appear in FROMMH/TOMH and is 111.6 ft from the nearest pipe endpoint — genuinely disconnected or outside the mapped network.,
isolated_manhole,warning,51998,2015604.44,845083.8,Manhole 51998 does not appear in FROMMH/TOMH and is 29.6 ft from the nearest pipe endpoint — genuinely disconnected or outside the mapped network.,
isolated_manhole,warning,52004,2046526.15,836295.04,Manhole 52004 does not appear in FROMMH/TOMH and is 20.8 ft from the nearest pipe endpoint — genuinely disconnected or outside the mapped network.,
isolated_manhole,warning,52007,2040407.28,844580.34,Manhole 52007 does not appear in FROMMH/TOMH and is 24.8 ft from the nearest pipe endpoint — genuinely disconnected or outside the mapped network.,
isolated_manhole,warning,44037,2028770.58,810614.23,"Manhole 44037 not found in FROMMH/TOMH attributes, but snaps to a pipe endpoint 0.0 ft away — likely an ID mismatch between the manholes layer and the pipes layer.",
isolated_manhole,warning,52005,2010200.59,840124.68,Manhole 52005 does not appear in FROMMH/TOMH and is 34.0 ft from the nearest pipe endpoint — genuinely disconnected or outside the mapped network.,
isolated_manhole,warning,52011,2049334.13,853259.15,Manhole 52011 does not appear in FROMMH/TOMH and is 17.2 ft from the nearest pipe endpoint — genuinely disconnected or outside the mapped network.,
isolated_manhole,warning,52009,2005827.97,837319.02,Manhole 52009 does not appear in FROMMH/TOMH and is 28.4 ft from the nearest pipe endpoint — genuinely disconnected or outside the mapped network.,
isolated_manhole,warning,52006,2041047.48,824672.74,Manhole 52006 does not appear in FROMMH/TOMH and is 10.7 ft from the nearest pipe endpoint — genuinely disconnected or outside the mapped network.,
isolated_manhole,warning,52000,2038462.41,830721.96,Manhole 52000 does not appear in FROMMH/TOMH and is 5.8 ft from the nearest pipe endpoint — genuinely disconnected or outside the mapped network.,
isolated_manhole,warning,52002,2025816,775357.69,Manhole 52002 does not appear in FROMMH/TOMH and is 19.1 ft from the nearest pipe endpoint — genuinely disconnected or outside the mapped network.,
isolated_manhole,warning,52010,2044196.49,836054.69,Manhole 52010 does not appear in FROMMH/TOMH and is 7.4 ft from the nearest pipe endpoint — genuinely disconnected or outside the mapped network.,
isolated_manhole,warning,52001,2037019.44,852062.47,Manhole 52001 does not appear in FROMMH/TOMH and is 16.8 ft from the nearest pipe endpoint — genuinely disconnected or outside the mapped network.,
isolated_manhole,warning,51995,2019071.37,812151.81,Manhole 51995 does not appear in FROMMH/TOMH and is 64.4 ft from the nearest pipe endpoint — genuinely disconnected or outside the mapped network.,
isolated_manhole,warning,52008,2018786.87,781975.46,Manhole 52008 does not appear in FROMMH/TOMH and is 15.7 ft from the nearest pipe endpoint — genuinely disconnected or outside the mapped network.,
isolated_manhole,warning,51996,2004002.51,829629.84,Manhole 51996 does not appear in FROMMH/TOMH and is 12.9 ft from the nearest pipe endpoint — genuinely disconnected or outside the mapped network.,
isolated_manhole,warning,44038,2021903.49,812476.81,"Manhole 44038 not found in FROMMH/TOMH attributes, but snaps to a pipe endpoint 0.0 ft away — likely an ID mismatch between the manholes layer and the pipes layer.",
isolated_manhole,warning,52024,2025615.27,811364.31,Manhole 52024 does not appear in FROMMH/TOMH and is 74.5 ft from the nearest pipe endpoint — genuinely disconnected or outside the mapped network.,
isolated_manhole,warning,52176,2061774.4,790652.34,Manhole 52176 does not appear in FROMMH/TOMH and is 16.8 ft from the nearest pipe endpoint — genuinely disconnected or outside the mapped network.,
isolated_manhole,warning,42109,2027756.39,832864.39,"Manhole 42109 not found in FROMMH/TOMH attributes, but snaps to a pipe endpoint 0.0 ft away — likely an ID mismatch between the manholes layer and the pipes layer.",
isolated_manhole,warning,42111,2021895.66,826874.41,"Manhole 42111 not found in FROMMH/TOMH attributes, but snaps to a pipe endpoint 0.0 ft away — likely an ID mismatch between the manholes layer and the pipes layer.",
isolated_manhole,warning,52351,2023030.78,829086.35,"Manhole 52351 not found in FROMMH/TOMH attributes, but snaps to a pipe endpoint 0.0 ft away — likely an ID mismatch between the manholes layer and the pipes layer.",
isolated_manhole,warning,54457,2020242.27,814847.47,"Manhole 54457 not found in FROMMH/TOMH attributes, but snaps to a pipe endpoint 0.0 ft away — likely an ID mismatch between the manholes layer and the pipes layer.",
isolated_manhole,warning,52544,2045484.86,859599.73,"Manhole 52544 not found in FROMMH/TOMH attributes, but snaps to a pipe endpoint 0.0 ft away — likely an ID mismatch between the manholes layer and the pipes layer.",
isolated_manhole,warning,52545,2046049.97,859513.3,"Manhole 52545 not found in FROMMH/TOMH attributes, but snaps to a pipe endpoint 0.0 ft away — likely an ID mismatch between the manholes layer and the pipes layer.",
isolated_manhole,warning,52564,2011852.47,805406.35,"Manhole 52564 not found in FROMMH/TOMH attributes, but snaps to a pipe endpoint 0.0 ft away — likely an ID mismatch between the manholes layer and the pipes layer.",
isolated_manhole,warning,44059,2019405.78,790019.66,"Manhole 44059 not found in FROMMH/TOMH attributes, but snaps to a pipe endpoint 0.0 ft away — likely an ID mismatch between the manholes layer and the pipes layer.",
isolated_manhole,warning,52710,2021399,813701.43,"Manhole 52710 not found in FROMMH/TOMH attributes, but snaps to a pipe endpoint 0.0 ft away — likely an ID mismatch between the manholes layer and the pipes layer.",
isolated_manhole,warning,52856,2063171.28,796863.5,"Manhole 52856 not found in FROMMH/TOMH attributes, but snaps to a pipe endpoint 0.0 ft away — likely an ID mismatch between the manholes layer and the pipes layer.",
isolated_manhole,warning,52842,2062159.18,795516.03,"Manhole 52842 not found in FROMMH/TOMH attributes, but snaps to a pipe endpoint 0.0 ft away — likely an ID mismatch between the manholes layer and the pipes layer.",
isolated_manhole,warning,52866,2062783.1,795957.32,"Manhole 52866 not found in FROMMH/TOMH attributes, but snaps to a pipe endpoint 0.0 ft away — likely an ID mismatch between the manholes layer and the pipes layer.",
isolated_manhole,warning,52847,2062854.19,796061.45,"Manhole 52847 not found in FROMMH/TOMH attributes, but snaps to a pipe endpoint 0.0 ft away — likely an ID mismatch between the manholes layer and the pipes layer.",
isolated_manhole,warning,52855,2063203.61,796903.74,"Manhole 52855 not found in FROMMH/TOMH attributes, but snaps to a pipe endpoint 0.0 ft away — likely an ID mismatch between the manholes layer and the pipes layer.",
isolated_manhole,warning,52869,2062789.31,796657.27,"Manhole 52869 not found in FROMMH/TOMH attributes, but snaps to a pipe endpoint 0.0 ft away — likely an ID mismatch between the manholes layer and the pipes layer.",
isolated_manhole,warning,52859,2062888.31,796629.21,"Manhole 52859 not found in FROMMH/TOMH attributes, but snaps to a pipe endpoint 0.0 ft away — likely an ID mismatch between the manholes layer and the pipes layer.",
isolated_manhole,warning,52839,2062425.79,795906.83,"Manhole 52839 not found in FROMMH/TOMH attributes, but snaps to a pipe endpoint 0.0 ft away — likely an ID mismatch between the manholes layer and the pipes layer.",
isolated_manhole,warning,52853,2063028.47,796324.1,"Manhole 52853 not found in FROMMH/TOMH attributes, but snaps to a pipe endpoint 0.0 ft away — likely an ID mismatch between the manholes layer and the pipes layer.",
isolated_manhole,warning,52863,2062698.46,797134.18,"Manhole 52863 not found in FROMMH/TOMH attributes, but snaps to a pipe endpoint 0.0 ft away — likely an ID mismatch between the manholes layer and the pipes layer.",
isolated_manhole,warning,52845,2062077.13,795132.04,"Manhole 52845 not found in FROMMH/TOMH attributes, but snaps to a pipe endpoint 0.0 ft away — likely an ID mismatch between the manholes layer and the pipes layer.",
isolated_manhole,warning,52868,2062637.66,796958.31,"Manhole 52868 not found in FROMMH/TOMH attributes, but snaps to a pipe endpoint 0.0 ft away — likely an ID mismatch between the manholes layer and the pipes layer.",
isolated_manhole,warning,52835,2062645.27,795954.12,"Manhole 52835 not found in FROMMH/TOMH attributes, but snaps to a pipe endpoint 0.0 ft away — likely an ID mismatch between the manholes layer and the pipes layer.",
isolated_manhole,warning,52851,2063330.93,796585.74,"Manhole 52851 not found in FROMMH/TOMH attributes, but snaps to a pipe endpoint 0.0 ft away — likely an ID mismatch between the manholes layer and the pipes layer.",
isolated_manhole,warning,52864,2062854.13,796030.66,"Manhole 52864 not found in FROMMH/TOMH attributes, but snaps to a pipe endpoint 0.0 ft away — likely an ID mismatch between the manholes layer and the pipes layer.",
isolated_manhole,warning,52848,2063565.56,796610.07,"Manhole 52848 not found in FROMMH/TOMH attributes, but snaps to a pipe endpoint 0.0 ft away — likely an ID mismatch between the manholes layer and the pipes layer.",
isolated_manhole,warning,52860,2063008.89,797055.68,"Manhole 52860 not found in FROMMH/TOMH attributes, but snaps to a pipe endpoint 0.0 ft away — likely an ID mismatch between the manholes layer and the pipes layer.",
isolated_manhole,warning,52865,2062828.55,795983.94,"Manhole 52865 not found in FROMMH/TOMH attributes, but snaps to a pipe endpoint 0.0 ft away — likely an ID mismatch between the manholes layer and the pipes layer.",
isolated_manhole,warning,52841,2062255.13,795681.75,"Manhole 52841 not found in FROMMH/TOMH attributes, but snaps to a pipe endpoint 0.0 ft away — likely an ID mismatch between the manholes layer and the pipes layer.",
isolated_manhole,warning,52857,2062615.91,797134.18,"Manhole 52857 not found in FROMMH/TOMH attributes, but snaps to a pipe endpoint 0.0 ft away — likely an ID mismatch between the manholes layer and the pipes layer.",
isolated_manhole,warning,52840,2062354.75,795846.23,"Manhole 52840 not found in FROMMH/TOMH attributes, but snaps to a pipe endpoint 0.0 ft away — likely an ID mismatch between the manholes layer and the pipes layer.",
isolated_manhole,warning,52872,2062849.56,796320.54,"Manhole 52872 not found in FROMMH/TOMH attributes, but snaps to a pipe endpoint 0.0 ft away — likely an ID mismatch between the manholes layer and the pipes layer.",
isolated_manhole,warning,52849,2063445.75,796706.6,"Manhole 52849 not found in FROMMH/TOMH attributes, but snaps to a pipe endpoint 0.0 ft away — likely an ID mismatch between the manholes layer and the pipes layer.",
isolated_manhole,warning,52867,2062616.63,797052.82,"Manhole 52867 not found in FROMMH/TOMH attributes, but snaps to a pipe endpoint 0.0 ft away — likely an ID mismatch between the manholes layer and the pipes layer.",
isolated_manhole,warning,52844,2062093.72,795320.56,"Manhole 52844 not found in FROMMH/TOMH attributes, but snaps to a pipe endpoint 0.0 ft away — likely an ID mismatch between the manholes layer and the pipes layer.",
isolated_manhole,warning,52870,2062809,796606.19,"Manhole 52870 not found in FROMMH/TOMH attributes, but snaps to a pipe endpoint 0.0 ft away — likely an ID mismatch between the manholes layer and the pipes layer.",
isolated_manhole,warning,52858,2062978.44,796672.82,"Manhole 52858 not found in FROMMH/TOMH attributes, but snaps to a pipe endpoint 0.0 ft away — likely an ID mismatch between the manholes layer and the pipes layer.",
isolated_manhole,warning,52871,2062839.1,796483.93,"Manhole 52871 not found in FROMMH/TOMH attributes, but snaps to a pipe endpoint 0.0 ft away — likely an ID mismatch between the manholes layer and the pipes layer.",
isolated_manhole,warning,52862,2062865.65,797111.91,"Manhole 52862 not found in FROMMH/TOMH attributes, but snaps to a pipe endpoint 0.0 ft away — likely an ID mismatch between the manholes layer and the pipes layer.",
isolated_manhole,warning,52836,2062319.09,795645.33,"Manhole 52836 not found in FROMMH/TOMH attributes, but snaps to a pipe endpoint 0.0 ft away — likely an ID mismatch between the manholes layer and the pipes layer.",
isolated_manhole,warning,52846,2062617.48,797246.84,"Manhole 52846 not found in FROMMH/TOMH attributes, but snaps to a pipe endpoint 0.0 ft away — likely an ID mismatch between the manholes layer and the pipes layer.",
isolated_manhole,warning,52854,2063326.12,796804.44,"Manhole 52854 not found in FROMMH/TOMH attributes, but snaps to a pipe endpoint 0.0 ft away — likely an ID mismatch between the manholes layer and the pipes layer.",
isolated_manhole,warning,52850,2063374.85,796774.15,"Manhole 52850 not found in FROMMH/TOMH attributes, but snaps to a pipe endpoint 0.0 ft away — likely an ID mismatch between the manholes layer and the pipes layer.",
isolated_manhole,warning,52852,2063087.67,796347.42,"Manhole 52852 not found in FROMMH/TOMH attributes, but snaps to a pipe endpoint 0.0 ft away — likely an ID mismatch between the manholes layer and the pipes layer.",
isolated_manhole,warning,52838,2062511.45,795938.3,"Manhole 52838 not found in FROMMH/TOMH attributes, but snaps to a pipe endpoint 0.0 ft away — likely an ID mismatch between the manholes layer and the pipes layer.",
isolated_manhole,warning,52861,2062973,797075.38,"Manhole 52861 not found in FROMMH/TOMH attributes, but snaps to a pipe endpoint 0.0 ft away — likely an ID mismatch between the manholes layer and the pipes layer.",
isolated_manhole,warning,52837,2062544.33,795514.51,"Manhole 52837 not found in FROMMH/TOMH attributes, but snaps to a pipe endpoint 0.0 ft away — likely an ID mismatch between the manholes layer and the pipes layer.",
isolated_manhole,warning,52843,2062113.71,795417.59,"Manhole 52843 not found in FROMMH/TOMH attributes, but snaps to a pipe endpoint 0.0 ft away — likely an ID mismatch between the manholes layer and the pipes layer.",
isolated_manhole,warning,52873,2062640.84,796302.09,"Manhole 52873 not found in FROMMH/TOMH attributes, but snaps to a pipe endpoint 0.0 ft away — likely an ID mismatch between the manholes layer and the pipes layer.",
isolated_manhole,warning,52982,2024486.22,827898.48,"Manhole 52982 not found in FROMMH/TOMH attributes, but snaps to a pipe endpoint 0.0 ft away — likely an ID mismatch between the manholes layer and the pipes layer.",
isolated_manhole,warning,34856,2036681.06,842180.74,"Manhole 34856 not found in FROMMH/TOMH attributes, but snaps to a pipe endpoint 0.0 ft away — likely an ID mismatch between the manholes layer and the pipes layer.",
isolated_manhole,warning,53124,2008244.48,801537.79,"Manhole 53124 not found in FROMMH/TOMH attributes, but snaps to a pipe endpoint 0.0 ft away — likely an ID mismatch between the manholes layer and the pipes layer.",
isolated_manhole,warning,53125,2014284.16,826627.39,Manhole 53125 does not appear in FROMMH/TOMH and is 163.9 ft from the nearest pipe endpoint — genuinely disconnected or outside the mapped network.,
isolated_manhole,warning,53139,2018244.3,821290.4,"Manhole 53139 not found in FROMMH/TOMH attributes, but snaps to a pipe endpoint 0.0 ft away — likely an ID mismatch between the manholes layer and the pipes layer.",
isolated_manhole,warning,53278,2039081.57,825668.33,Manhole 53278 does not appear in FROMMH/TOMH and is 234.7 ft from the nearest pipe endpoint — genuinely disconnected or outside the mapped network.,
isolated_manhole,warning,53279,2036551.93,806590.55,Manhole 53279 does not appear in FROMMH/TOMH and is 284.7 ft from the nearest pipe endpoint — genuinely disconnected or outside the mapped network.,
isolated_manhole,warning,53360,2033375.37,799445.37,"Manhole 53360 not found in FROMMH/TOMH attributes, but snaps to a pipe endpoint 0.0 ft away — likely an ID mismatch between the manholes layer and the pipes layer.",
isolated_manhole,warning,53421,2027413.29,825398.95,"Manhole 53421 not found in FROMMH/TOMH attributes, but snaps to a pipe endpoint 0.0 ft away — likely an ID mismatch between the manholes layer and the pipes layer.",
isolated_manhole,warning,50007,2032365.78,835107.11,"Manhole 50007 not found in FROMMH/TOMH attributes, but snaps to a pipe endpoint 0.0 ft away — likely an ID mismatch between the manholes layer and the pipes layer.",
isolated_manhole,warning,44067,2022035.63,819825.47,"Manhole 44067 not found in FROMMH/TOMH attributes, but snaps to a pipe endpoint 0.0 ft away — likely an ID mismatch between the manholes layer and the pipes layer.",
isolated_manhole,warning,53549,2004204.2,787857.3,Manhole 53549 does not appear in FROMMH/TOMH and is 49.0 ft from the nearest pipe endpoint — genuinely disconnected or outside the mapped network.,
isolated_manhole,warning,53601,2012359.84,834431.78,"Manhole 53601 not found in FROMMH/TOMH attributes, but snaps to a pipe endpoint 0.0 ft away — likely an ID mismatch between the manholes layer and the pipes layer.",
isolated_manhole,warning,53702,2027450.74,815259.3,"Manhole 53702 not found in FROMMH/TOMH attributes, but snaps to a pipe endpoint 0.0 ft away — likely an ID mismatch between the manholes layer and the pipes layer.",
isolated_manhole,warning,53800,2018060.91,836770.56,"Manhole 53800 not found in FROMMH/TOMH attributes, but snaps to a pipe endpoint 0.0 ft away — likely an ID mismatch between the manholes layer and the pipes layer.",
isolated_manhole,warning,53801,2018032.84,836820.95,"Manhole 53801 not found in FROMMH/TOMH attributes, but snaps to a pipe endpoint 0.0 ft away — likely an ID mismatch between the manholes layer and the pipes layer.",
isolated_manhole,warning,53802,2018046.98,836904.07,"Manhole 53802 not found in FROMMH/TOMH attributes, but snaps to a pipe endpoint 0.0 ft away — likely an ID mismatch between the manholes layer and the pipes layer.",
isolated_manhole,warning,53803,2017901.9,834390.29,"Manhole 53803 not found in FROMMH/TOMH attributes, but snaps to a pipe endpoint 0.0 ft away — likely an ID mismatch between the manholes layer and the pipes layer.",
isolated_manhole,warning,53804,2017837.2,834350.71,"Manhole 53804 not found in FROMMH/TOMH attributes, but snaps to a pipe endpoint 0.0 ft away — likely an ID mismatch between the manholes layer and the pipes layer.",
isolated_manhole,warning,53805,2017757.53,834347.27,"Manhole 53805 not found in FROMMH/TOMH attributes, but snaps to a pipe endpoint 0.0 ft away — likely an ID mismatch between the manholes layer and the pipes layer.",
isolated_manhole,warning,53806,2017664.1,834403.82,"Manhole 53806 not found in FROMMH/TOMH attributes, but snaps to a pipe endpoint 0.0 ft away — likely an ID mismatch between the manholes layer and the pipes layer.",
isolated_manhole,warning,53807,2017609.48,834471.01,"Manhole 53807 not found in FROMMH/TOMH attributes, but snaps to a pipe endpoint 0.0 ft away — likely an ID mismatch between the manholes layer and the pipes layer.",
isolated_manhole,warning,53808,2017581.29,834568.36,"Manhole 53808 not found in FROMMH/TOMH attributes, but snaps to a pipe endpoint 0.0 ft away — likely an ID mismatch between the manholes layer and the pipes layer.",
isolated_manhole,warning,53809,2017592.24,834672.27,"Manhole 53809 not found in FROMMH/TOMH attributes, but snaps to a pipe endpoint 0.0 ft away — likely an ID mismatch between the manholes layer and the pipes layer.",
isolated_manhole,warning,53810,2017652.76,834779.01,"Manhole 53810 not found in FROMMH/TOMH attributes, but snaps to a pipe endpoint 0.0 ft away — likely an ID mismatch between the manholes layer and the pipes layer.",
isolated_manhole,warning,53811,2017686.78,834821.84,"Manhole 53811 not found in FROMMH/TOMH attributes, but snaps to a pipe endpoint 0.0 ft away — likely an ID mismatch between the manholes layer and the pipes layer.",
isolated_manhole,warning,53812,2017536.84,834914.53,"Manhole 53812 not found in FROMMH/TOMH attributes, but snaps to a pipe endpoint 0.0 ft away — likely an ID mismatch between the manholes layer and the pipes layer.",
isolated_manhole,warning,53813,2017311.04,834861.77,"Manhole 53813 not found in FROMMH/TOMH attributes, but snaps to a pipe endpoint 0.0 ft away — likely an ID mismatch between the manholes layer and the pipes layer.",
isolated_manhole,warning,53814,2017247.41,834791.39,"Manhole 53814 not found in FROMMH/TOMH attributes, but snaps to a pipe endpoint 0.0 ft away — likely an ID mismatch between the manholes layer and the pipes layer.",
isolated_manhole,warning,53815,2017236.82,834652.73,"Manhole 53815 not found in FROMMH/TOMH attributes, but snaps to a pipe endpoint 0.0 ft away — likely an ID mismatch between the manholes layer and the pipes layer.",
isolated_manhole,warning,53816,2017157.51,834774.62,"Manhole 53816 not found in FROMMH/TOMH attributes, but snaps to a pipe endpoint 0.0 ft away — likely an ID mismatch between the manholes layer and the pipes layer.",
isolated_manhole,warning,53817,2017148.74,834847.97,"Manhole 53817 not found in FROMMH/TOMH attributes, but snaps to a pipe endpoint 0.0 ft away — likely an ID mismatch between the manholes layer and the pipes layer.",
isolated_manhole,warning,53818,2017174.05,834927.97,"Manhole 53818 not found in FROMMH/TOMH attributes, but snaps to a pipe endpoint 0.0 ft away — likely an ID mismatch between the manholes layer and the pipes layer.",
isolated_manhole,warning,53819,2065106.54,793248.1,"Manhole 53819 not found in FROMMH/TOMH attributes, but snaps to a pipe endpoint 0.0 ft away — likely an ID mismatch between the manholes layer and the pipes layer.",
isolated_manhole,warning,38890,2023342.49,808703.54,"Manhole 38890 not found in FROMMH/TOMH attributes, but snaps to a pipe endpoint 0.0 ft away — likely an ID mismatch between the manholes layer and the pipes layer.",
isolated_manhole,warning,53905,2017487.27,817577.62,"Manhole 53905 not found in FROMMH/TOMH attributes, but snaps to a pipe endpoint 0.0 ft away — likely an ID mismatch between the manholes layer and the pipes layer.",
isolated_manhole,warning,53915,2050948.97,854318.45,"Manhole 53915 not found in FROMMH/TOMH attributes, but snaps to a pipe endpoint 0.0 ft away — likely an ID mismatch between the manholes layer and the pipes layer.",
isolated_manhole,warning,53916,2050958.16,854346.36,"Manhole 53916 not found in FROMMH/TOMH attributes, but snaps to a pipe endpoint 0.0 ft away — likely an ID mismatch between the manholes layer and the pipes layer.",
isolated_manhole,warning,53925,2028493.67,818686.35,"Manhole 53925 not found in FROMMH/TOMH attributes, but snaps to a pipe endpoint 0.0 ft away — likely an ID mismatch between the manholes layer and the pipes layer.",
isolated_manhole,warning,54458,2003403.8,830252.6,Manhole 54458 does not appear in FROMMH/TOMH and is 380.4 ft from the nearest pipe endpoint — genuinely disconnected or outside the mapped network.,
isolated_manhole,warning,54650,2015307.83,817512.37,Manhole 54650 does not appear in FROMMH/TOMH and is 421.7 ft from the nearest pipe endpoint — genuinely disconnected or outside the mapped network.,
isolated_manhole,warning,54690,2034642.72,791219.31,Manhole 54690 does not appear in FROMMH/TOMH and is 163.4 ft from the nearest pipe endpoint — genuinely disconnected or outside the mapped network.,
isolated_manhole,warning,54760,2045592.05,815366.51,"Manhole 54760 not found in FROMMH/TOMH attributes, but snaps to a pipe endpoint 0.0 ft away — likely an ID mismatch between the manholes layer and the pipes layer.",
isolated_manhole,warning,54883,2001495.68,796355.45,Manhole 54883 does not appear in FROMMH/TOMH and is 124.5 ft from the nearest pipe endpoint — genuinely disconnected or outside the mapped network.,
isolated_manhole,warning,54898,2025344.29,817592.71,"Manhole 54898 not found in FROMMH/TOMH attributes, but snaps to a pipe endpoint 0.0 ft away — likely an ID mismatch between the manholes layer and the pipes layer.",
isolated_manhole,warning,56334,2011581.55,783173.76,"Manhole 56334 not found in FROMMH/TOMH attributes, but snaps to a pipe endpoint 0.4 ft away — likely an ID mismatch between the manholes layer and the pipes layer.",
isolated_manhole,warning,56380,2020948.98,811688.93,"Manhole 56380 not found in FROMMH/TOMH attributes, but snaps to a pipe endpoint 0.0 ft away — likely an ID mismatch between the manholes layer and the pipes layer.",
isolated_manhole,warning,56435,2012267.63,839353.52,Manhole 56435 does not appear in FROMMH/TOMH and is 1067.2 ft from the nearest pipe endpoint — genuinely disconnected or outside the mapped network.,
isolated_manhole,warning,57010,2005440.53,789445.84,Manhole 57010 does not appear in FROMMH/TOMH and is 86.8 ft from the nearest pipe endpoint — genuinely disconnected or outside the mapped network.,
isolated_manhole,warning,57026,2014009.94,810192.81,Manhole 57026 does not appear in FROMMH/TOMH and is 24.7 ft from the nearest pipe endpoint — genuinely disconnected or outside the mapped network.,
isolated_manhole,warning,57027,2026193.37,852694.27,"Manhole 57027 not found in FROMMH/TOMH attributes, but snaps to a pipe endpoint 0.0 ft away — likely an ID mismatch between the manholes layer and the pipes layer.",
isolated_manhole,warning,24135,2028265.96,845444.48,"Manhole 24135 not found in FROMMH/TOMH attributes, but snaps to a pipe endpoint 0.0 ft away — likely an ID mismatch between the manholes layer and the pipes layer.",
isolated_manhole,warning,24136,2028625.09,845298.33,"Manhole 24136 not found in FROMMH/TOMH attributes, but snaps to a pipe endpoint 0.0 ft away — likely an ID mismatch between the manholes layer and the pipes layer.",
isolated_manhole,warning,24181,2028954.77,845664.5,"Manhole 24181 not found in FROMMH/TOMH attributes, but snaps to a pipe endpoint 0.0 ft away — likely an ID mismatch between the manholes layer and the pipes layer.",
isolated_manhole,warning,24367,2027985.77,845646.36,"Manhole 24367 not found in FROMMH/TOMH attributes, but snaps to a pipe endpoint 0.0 ft away — likely an ID mismatch between the manholes layer and the pipes layer.",
isolated_manhole,warning,57084,2041185.2,841779.78,"Manhole 57084 not found in FROMMH/TOMH attributes, but snaps to a pipe endpoint 0.0 ft away — likely an ID mismatch between the manholes layer and the pipes layer.",
isolated_manhole,warning,57086,2028700.82,848812.67,"Manhole 57086 not found in FROMMH/TOMH attributes, but snaps to a pipe endpoint 0.0 ft away — likely an ID mismatch between the manholes layer and the pipes layer.",
isolated_manhole,warning,57087,2036244.93,850700.88,"Manhole 57087 not found in FROMMH/TOMH attributes, but snaps to a pipe endpoint 0.0 ft away — likely an ID mismatch between the manholes layer and the pipes layer.",
isolated_manhole,warning,57088,2037113.67,832083.64,"Manhole 57088 not found in FROMMH/TOMH attributes, but snaps to a pipe endpoint 0.0 ft away — likely an ID mismatch between the manholes layer and the pipes layer.",
isolated_manhole,warning,33055,2029097.47,831995.86,"Manhole 33055 not found in FROMMH/TOMH attributes, but snaps to a pipe endpoint 0.0 ft away — likely an ID mismatch between the manholes layer and the pipes layer.",
isolated_manhole,warning,57134,2013458.46,773784.49,Manhole 57134 does not appear in FROMMH/TOMH and is 37.3 ft from the nearest pipe endpoint — genuinely disconnected or outside the mapped network.,
isolated_manhole,warning,57702,2030020.26,833245.19,Manhole 57702 does not appear in FROMMH/TOMH and is 108.5 ft from the nearest pipe endpoint — genuinely disconnected or outside the mapped network.,
isolated_manhole,warning,57785,2031813.61,796536.33,Manhole 57785 does not appear in FROMMH/TOMH and is 197.9 ft from the nearest pipe endpoint — genuinely disconnected or outside the mapped network.,
isolated_manhole,warning,58198,2014828.92,821003.51,Manhole 58198 does not appear in FROMMH/TOMH and is 120.7 ft from the nearest pipe endpoint — genuinely disconnected or outside the mapped network.,
isolated_manhole,warning,58470,2014027.21,785260.1,Manhole 58470 does not appear in FROMMH/TOMH and is 244.7 ft from the nearest pipe endpoint — genuinely disconnected or outside the mapped network.,
isolated_manhole,warning,58593,2061064.6,802984.6,"Manhole 58593 not found in FROMMH/TOMH attributes, but snaps to a pipe endpoint 0.0 ft away — likely an ID mismatch between the manholes layer and the pipes layer.",
isolated_manhole,warning,58652,2027347.49,831491.27,"Manhole 58652 not found in FROMMH/TOMH attributes, but snaps to a pipe endpoint 0.0 ft away — likely an ID mismatch between the manholes layer and the pipes layer.",
isolated_manhole,warning,40176,2040103.31,820159.66,"Manhole 40176 not found in FROMMH/TOMH attributes, but snaps to a pipe endpoint 0.0 ft away — likely an ID mismatch between the manholes layer and the pipes layer.",
isolated_manhole,warning,40179,2023489.54,829288.59,"Manhole 40179 not found in FROMMH/TOMH attributes, but snaps to a pipe endpoint 0.0 ft away — likely an ID mismatch between the manholes layer and the pipes layer.",
isolated_manhole,warning,58714,2040043.28,815879.52,"Manhole 58714 not found in FROMMH/TOMH attributes, but snaps to a pipe endpoint 0.0 ft away — likely an ID mismatch between the manholes layer and the pipes layer.",
isolated_manhole,warning,58660,2023396.66,822062.04,"Manhole 58660 not found in FROMMH/TOMH attributes, but snaps to a pipe endpoint 0.0 ft away — likely an ID mismatch between the manholes layer and the pipes layer.",
isolated_manhole,warning,31748,2016129.83,803760.33,"Manhole 31748 not found in FROMMH/TOMH attributes, but snaps to a pipe endpoint 0.0 ft away — likely an ID mismatch between the manholes layer and the pipes layer.",
isolated_manhole,warning,40182,2033612.27,826225.18,"Manhole 40182 not found in FROMMH/TOMH attributes, but snaps to a pipe endpoint 0.0 ft away — likely an ID mismatch between the manholes layer and the pipes layer.",
isolated_manhole,warning,59128,2039112.66,800690.14,"Manhole 59128 not found in FROMMH/TOMH attributes, but snaps to a pipe endpoint 0.0 ft away — likely an ID mismatch between the manholes layer and the pipes layer.",
isolated_manhole,warning,59139,2033596.56,833900.79,Manhole 59139 does not appear in FROMMH/TOMH and is 169.6 ft from the nearest pipe endpoint — genuinely disconnected or outside the mapped network.,
isolated_manhole,warning,31777,2015165.33,785288.08,"Manhole 31777 not found in FROMMH/TOMH attributes, but snaps to a pipe endpoint 0.0 ft away — likely an ID mismatch between the manholes layer and the pipes layer.",
isolated_manhole,warning,51600,2010629.5,827727.02,"Manhole 51600 not found in FROMMH/TOMH attributes, but snaps to a pipe endpoint 0.0 ft away — likely an ID mismatch between the manholes layer and the pipes layer.",
isolated_manhole,warning,19587,2023119.33,828309.42,"Manhole 19587 not found in FROMMH/TOMH attributes, but snaps to a pipe endpoint 0.0 ft away — likely an ID mismatch between the manholes layer and the pipes layer.",
isolated_manhole,warning,30774,2024021.19,773823.57,"Manhole 30774 not found in FROMMH/TOMH attributes, but snaps to a pipe endpoint 0.0 ft away — likely an ID mismatch between the manholes layer and the pipes layer.",
isolated_manhole,warning,58646,2036904.99,838430.47,Manhole 58646 does not appear in FROMMH/TOMH and is 78.5 ft from the nearest pipe endpoint — genuinely disconnected or outside the mapped network.,
isolated_manhole,warning,59049,2041036.1,800935.5,"Manhole 59049 not found in FROMMH/TOMH attributes, but snaps to a pipe endpoint 0.0 ft away — likely an ID mismatch between the manholes layer and the pipes layer.",
isolated_manhole,warning,15470A,2033659.52,815963.19,"Manhole 15470A not found in FROMMH/TOMH attributes, but snaps to a pipe endpoint 0.0 ft away — likely an ID mismatch between the manholes layer and the pipes layer.",
isolated_manhole,warning,28011A,2033533.18,815240.14,"Manhole 28011A not found in FROMMH/TOMH attributes, but snaps to a pipe endpoint 0.0 ft away — likely an ID mismatch between the manholes layer and the pipes layer.",
isolated_manhole,warning,59528,2033275.85,815355.56,"Manhole 59528 not found in FROMMH/TOMH attributes, but snaps to a pipe endpoint 0.0 ft away — likely an ID mismatch between the manholes layer and the pipes layer.",
isolated_manhole,warning,59530,2033257.85,815160.33,"Manhole 59530 not found in FROMMH/TOMH attributes, but snaps to a pipe endpoint 0.0 ft away — likely an ID mismatch between the manholes layer and the pipes layer.",
isolated_manhole,warning,28011B,2033599.81,815201.54,"Manhole 28011B not found in FROMMH/TOMH attributes, but snaps to a pipe endpoint 0.0 ft away — likely an ID mismatch between the manholes layer and the pipes layer.",
isolated_manhole,warning,34883A,2033395.76,814659.24,"Manhole 34883A not found in FROMMH/TOMH attributes, but snaps to a pipe endpoint 0.0 ft away — likely an ID mismatch between the manholes layer and the pipes layer.",
isolated_manhole,warning,15314A,2033524.85,814835.31,"Manhole 15314A not found in FROMMH/TOMH attributes, but snaps to a pipe endpoint 0.0 ft away — likely an ID mismatch between the manholes layer and the pipes layer.",
isolated_manhole,warning,28546C,2033114.05,814147.3,"Manhole 28546C not found in FROMMH/TOMH attributes, but snaps to a pipe endpoint 0.0 ft away — likely an ID mismatch between the manholes layer and the pipes layer.",
isolated_manhole,warning,59564,2029605.78,817765.96,"Manhole 59564 not found in FROMMH/TOMH attributes, but snaps to a pipe endpoint 0.0 ft away — likely an ID mismatch between the manholes layer and the pipes layer.",
isolated_manhole,warning,59573,2018562.97,804925.04,"Manhole 59573 not found in FROMMH/TOMH attributes, but snaps to a pipe endpoint 0.0 ft away — likely an ID mismatch between the manholes layer and the pipes layer.",
isolated_manhole,warning,28022A,2033332.08,814710.4,"Manhole 28022A not found in FROMMH/TOMH attributes, but snaps to a pipe endpoint 0.0 ft away — likely an ID mismatch between the manholes layer and the pipes layer.",
isolated_manhole,warning,59637,2033552.8,814991.69,"Manhole 59637 not found in FROMMH/TOMH attributes, but snaps to a pipe endpoint 0.0 ft away — likely an ID mismatch between the manholes layer and the pipes layer.",
isolated_manhole,warning,40189,2033938.81,823890.42,"Manhole 40189 not found in FROMMH/TOMH attributes, but snaps to a pipe endpoint 0.0 ft away — likely an ID mismatch between the manholes layer and the pipes layer.",
isolated_manhole,warning,57840,2029521.23,822180.99,Manhole 57840 does not appear in FROMMH/TOMH and is 93.1 ft from the nearest pipe endpoint — genuinely disconnected or outside the mapped network.,
isolated_manhole,warning,32398,2027455.19,818432.52,"Manhole 32398 not found in FROMMH/TOMH attributes, but snaps to a pipe endpoint 0.0 ft away — likely an ID mismatch between the manholes layer and the pipes layer.",
isolated_manhole,warning,35215,2033053.78,818215.49,"Manhole 35215 not found in FROMMH/TOMH attributes, but snaps to a pipe endpoint 0.0 ft away — likely an ID mismatch between the manholes layer and the pipes layer.",
isolated_manhole,warning,42105,2025928.48,822304.29,"Manhole 42105 not found in FROMMH/TOMH attributes, but snaps to a pipe endpoint 0.0 ft away — likely an ID mismatch between the manholes layer and the pipes layer.",
isolated_manhole,warning,40116,2025965,821883.38,"Manhole 40116 not found in FROMMH/TOMH attributes, but snaps to a pipe endpoint 0.0 ft away — likely an ID mismatch between the manholes layer and the pipes layer.",
isolated_manhole,warning,52363,2023088.85,823129.3,"Manhole 52363 not found in FROMMH/TOMH attributes, but snaps to a pipe endpoint 0.0 ft away — likely an ID mismatch between the manholes layer and the pipes layer.",
isolated_manhole,warning,54840,2039704.55,858503.77,Manhole 54840 does not appear in FROMMH/TOMH and is 674.4 ft from the nearest pipe endpoint — genuinely disconnected or outside the mapped network.,
isolated_manhole,warning,56430,2018729.17,844482,Manhole 56430 does not appear in FROMMH/TOMH and is 23.7 ft from the nearest pipe endpoint — genuinely disconnected or outside the mapped network.,
isolated_manhole,warning,56432,2021848.77,846228.32,Manhole 56432 does not appear in FROMMH/TOMH and is 378.1 ft from the nearest pipe endpoint — genuinely disconnected or outside the mapped network.,
isolated_manhole,warning,56433,2021363.47,846194.26,Manhole 56433 does not appear in FROMMH/TOMH and is 859.8 ft from the nearest pipe endpoint — genuinely disconnected or outside the mapped network.,
isolated_manhole,warning,56434,2006244.88,837510.67,Manhole 56434 does not appear in FROMMH/TOMH and is 158.0 ft from the nearest pipe endpoint — genuinely disconnected or outside the mapped network.,
isolated_manhole,warning,57008,2006154.57,786648.43,Manhole 57008 does not appear in FROMMH/TOMH and is 476.0 ft from the nearest pipe endpoint — genuinely disconnected or outside the mapped network.,
isolated_manhole,warning,57009,2005951.21,787597.78,Manhole 57009 does not appear in FROMMH/TOMH and is 1229.8 ft from the nearest pipe endpoint — genuinely disconnected or outside the mapped network.,
isolated_manhole,warning,57012,2064822.44,791622.53,Manhole 57012 does not appear in FROMMH/TOMH and is 178.6 ft from the nearest pipe endpoint — genuinely disconnected or outside the mapped network.,
isolated_manhole,warning,57013,2062090.8,791344.26,Manhole 57013 does not appear in FROMMH/TOMH and is 25.8 ft from the nearest pipe endpoint — genuinely disconnected or outside the mapped network.,
isolated_manhole,warning,57014,2062175.07,792176.8,Manhole 57014 does not appear in FROMMH/TOMH and is 54.1 ft from the nearest pipe endpoint — genuinely disconnected or outside the mapped network.,
isolated_manhole,warning,57015,2063712.17,796259.93,Manhole 57015 does not appear in FROMMH/TOMH and is 77.1 ft from the nearest pipe endpoint — genuinely disconnected or outside the mapped network.,
isolated_manhole,warning,57016,2063150.97,797225.31,Manhole 57016 does not appear in FROMMH/TOMH and is 211.9 ft from the nearest pipe endpoint — genuinely disconnected or outside the mapped network.,
isolated_manhole,warning,57017,2062238.69,794514.34,Manhole 57017 does not appear in FROMMH/TOMH and is 182.5 ft from the nearest pipe endpoint — genuinely disconnected or outside the mapped network.,
isolated_manhole,warning,57018,2060747.59,797383.15,Manhole 57018 does not appear in FROMMH/TOMH and is 94.8 ft from the nearest pipe endpoint — genuinely disconnected or outside the mapped network.,
isolated_manhole,warning,57019,2061197.44,799947.84,Manhole 57019 does not appear in FROMMH/TOMH and is 191.4 ft from the nearest pipe endpoint — genuinely disconnected or outside the mapped network.,
isolated_manhole,warning,57021,2060273.78,802274.44,Manhole 57021 does not appear in FROMMH/TOMH and is 512.3 ft from the nearest pipe endpoint — genuinely disconnected or outside the mapped network.,
isolated_manhole,warning,57132,2061070.98,801167.81,Manhole 57132 does not appear in FROMMH/TOMH and is 130.1 ft from the nearest pipe endpoint — genuinely disconnected or outside the mapped network.,
isolated_manhole,warning,57135,2013474.16,773791.25,Manhole 57135 does not appear in FROMMH/TOMH and is 37.9 ft from the nearest pipe endpoint — genuinely disconnected or outside the mapped network.,
isolated_manhole,warning,57242,2007807.18,804303.25,Manhole 57242 does not appear in FROMMH/TOMH and is 535.8 ft from the nearest pipe endpoint — genuinely disconnected or outside the mapped network.,
isolated_manhole,warning,58644,2036122.67,841122.55,Manhole 58644 does not appear in FROMMH/TOMH and is 184.0 ft from the nearest pipe endpoint — genuinely disconnected or outside the mapped network.,
isolated_manhole,warning,58645,2036568.41,838961.51,Manhole 58645 does not appear in FROMMH/TOMH and is 103.6 ft from the nearest pipe endpoint — genuinely disconnected or outside the mapped network.,
isolated_manhole,warning,58647,2040340.55,835651.64,Manhole 58647 does not appear in FROMMH/TOMH and is 1997.0 ft from the nearest pipe endpoint — genuinely disconnected or outside the mapped network.,
isolated_manhole,warning,58648,2042480.88,834972.06,Manhole 58648 does not appear in FROMMH/TOMH and is 84.9 ft from the nearest pipe endpoint — genuinely disconnected or outside the mapped network.,
isolated_manhole,warning,58649,2042604.14,834661.14,Manhole 58649 does not appear in FROMMH/TOMH and is 254.2 ft from the nearest pipe endpoint — genuinely disconnected or outside the mapped network.,
isolated_manhole,warning,59944,2047485.35,825856.91,Manhole 59944 does not appear in FROMMH/TOMH and is 167.8 ft from the nearest pipe endpoint — genuinely disconnected or outside the mapped network.,
isolated_manhole,warning,59977,2052061.67,817704.75,Manhole 59977 does not appear in FROMMH/TOMH and is 271.9 ft from the nearest pipe endpoint — genuinely disconnected or outside the mapped network.,
isolated_manhole,warning,59978,2062623.98,810228.1,Manhole 59978 does not appear in FROMMH/TOMH and is 387.7 ft from the nearest pipe endpoint — genuinely disconnected or outside the mapped network.,
isolated_manhole,warning,59979,2052893.98,845274.52,Manhole 59979 does not appear in FROMMH/TOMH and is 454.5 ft from the nearest pipe endpoint — genuinely disconnected or outside the mapped network.,
isolated_manhole,warning,59980,2052699.73,844825.73,Manhole 59980 does not appear in FROMMH/TOMH and is 679.0 ft from the nearest pipe endpoint — genuinely disconnected or outside the mapped network.,
isolated_manhole,warning,59981,2051148.81,843489.83,Manhole 59981 does not appear in FROMMH/TOMH and is 2328.6 ft from the nearest pipe endpoint — genuinely disconnected or outside the mapped network.,
isolated_manhole,warning,59982,2050510.74,842545.85,Manhole 59982 does not appear in FROMMH/TOMH and is 3464.2 ft from the nearest pipe endpoint — genuinely disconnected or outside the mapped network.,
isolated_manhole,warning,59983,2048091.02,836494.71,Manhole 59983 does not appear in FROMMH/TOMH and is 301.9 ft from the nearest pipe endpoint — genuinely disconnected or outside the mapped network.,
isolated_manhole,warning,59984,2008041.06,776778.22,Manhole 59984 does not appear in FROMMH/TOMH and is 2685.2 ft from the nearest pipe endpoint — genuinely disconnected or outside the mapped network.,
isolated_manhole,warning,59985,2005447.2,789453.47,Manhole 59985 does not appear in FROMMH/TOMH and is 91.3 ft from the nearest pipe endpoint — genuinely disconnected or outside the mapped network.,
isolated_manhole,warning,59986,2039087.41,847584.73,Manhole 59986 does not appear in FROMMH/TOMH and is 3290.1 ft from the nearest pipe endpoint — genuinely disconnected or outside the mapped network.,
isolated_manhole,warning,59987,2015700.12,775206.01,Manhole 59987 does not appear in FROMMH/TOMH and is 114.1 ft from the nearest pipe endpoint — genuinely disconnected or outside the mapped network.,
isolated_manhole,warning,59988,2002702.98,778014.4,Manhole 59988 does not appear in FROMMH/TOMH and is 23.0 ft from the nearest pipe endpoint — genuinely disconnected or outside the mapped network.,
isolated_manhole,warning,59991,2012658.57,778724.05,Manhole 59991 does not appear in FROMMH/TOMH and is 49.0 ft from the nearest pipe endpoint — genuinely disconnected or outside the mapped network.,
isolated_manhole,warning,59992,2039506.23,851325.02,Manhole 59992 does not appear in FROMMH/TOMH and is 1920.4 ft from the nearest pipe endpoint — genuinely disconnected or outside the mapped network.,
isolated_manhole,warning,59993,2006223.87,780535.78,Manhole 59993 does not appear in FROMMH/TOMH and is 61.4 ft from the nearest pipe endpoint — genuinely disconnected or outside the mapped network.,
isolated_manhole,warning,59994,2013086.39,776351.57,Manhole 59994 does not appear in FROMMH/TOMH and is 45.6 ft from the nearest pipe endpoint — genuinely disconnected or outside the mapped network.,
isolated_manhole,warning,59995,2013632.15,775391.11,Manhole 59995 does not appear in FROMMH/TOMH and is 232.8 ft from the nearest pipe endpoint — genuinely disconnected or outside the mapped network.,
isolated_manhole,warning,59996,2041614.54,832611.79,Manhole 59996 does not appear in FROMMH/TOMH and is 774.1 ft from the nearest pipe endpoint — genuinely disconnected or outside the mapped network.,
isolated_manhole,warning,59997,2041410.14,832159.98,Manhole 59997 does not appear in FROMMH/TOMH and is 676.0 ft from the nearest pipe endpoint — genuinely disconnected or outside the mapped network.,
isolated_manhole,warning,59998,2040754.44,830242.86,Manhole 59998 does not appear in FROMMH/TOMH and is 414.5 ft from the nearest pipe endpoint — genuinely disconnected or outside the mapped network.,
isolated_manhole,warning,59999,2040080.92,829299.8,Manhole 59999 does not appear in FROMMH/TOMH and is 517.3 ft from the nearest pipe endpoint — genuinely disconnected or outside the mapped network.,
isolated_manhole,warning,60000,2040002.8,828900.09,Manhole 60000 does not appear in FROMMH/TOMH and is 111.7 ft from the nearest pipe endpoint — genuinely disconnected or outside the mapped network.,
isolated_manhole,warning,60001,2039628.03,855070.61,Manhole 60001 does not appear in FROMMH/TOMH and is 1086.4 ft from the nearest pipe endpoint — genuinely disconnected or outside the mapped network.,
isolated_manhole,warning,60002,2040227.31,857195.37,Manhole 60002 does not appear in FROMMH/TOMH and is 1290.5 ft from the nearest pipe endpoint — genuinely disconnected or outside the mapped network.,
isolated_manhole,warning,60003,2044256.03,852027.14,Manhole 60003 does not appear in FROMMH/TOMH and is 1011.2 ft from the nearest pipe endpoint — genuinely disconnected or outside the mapped network.,
isolated_manhole,warning,60004,2042050.25,853439.6,Manhole 60004 does not appear in FROMMH/TOMH and is 895.9 ft from the nearest pipe endpoint — genuinely disconnected or outside the mapped network.,
isolated_manhole,warning,60005,2042539.46,853007.55,Manhole 60005 does not appear in FROMMH/TOMH and is 1490.4 ft from the nearest pipe endpoint — genuinely disconnected or outside the mapped network.,
isolated_manhole,warning,60006,2042400.76,853242.76,Manhole 60006 does not appear in FROMMH/TOMH and is 1297.9 ft from the nearest pipe endpoint — genuinely disconnected or outside the mapped network.,
isolated_manhole,warning,60007,2043190.18,852292,Manhole 60007 does not appear in FROMMH/TOMH and is 1455.1 ft from the nearest pipe endpoint — genuinely disconnected or outside the mapped network.,
isolated_manhole,warning,60008,2043826.78,851971.16,Manhole 60008 does not appear in FROMMH/TOMH and is 1402.1 ft from the nearest pipe endpoint — genuinely disconnected or outside the mapped network.,
isolated_manhole,warning,60009,2041983.3,860506.56,Manhole 60009 does not appear in FROMMH/TOMH and is 112.5 ft from the nearest pipe endpoint — genuinely disconnected or outside the mapped network.,
isolated_manhole,warning,60011,2048623.12,820397.58,Manhole 60011 does not appear in FROMMH/TOMH and is 98.5 ft from the nearest pipe endpoint — genuinely disconnected or outside the mapped network.,
isolated_manhole,warning,60012,2054393.43,817209.99,Manhole 60012 does not appear in FROMMH/TOMH and is 85.8 ft from the nearest pipe endpoint — genuinely disconnected or outside the mapped network.,
isolated_manhole,warning,60013,2053023.44,817512.77,Manhole 60013 does not appear in FROMMH/TOMH and is 117.5 ft from the nearest pipe endpoint — genuinely disconnected or outside the mapped network.,
isolated_manhole,warning,60014,2049605.68,819161.35,Manhole 60014 does not appear in FROMMH/TOMH and is 220.8 ft from the nearest pipe endpoint — genuinely disconnected or outside the mapped network.,
isolated_manhole,warning,60015,2050195.54,818436.27,Manhole 60015 does not appear in FROMMH/TOMH and is 327.0 ft from the nearest pipe endpoint — genuinely disconnected or outside the mapped network.,
isolated_manhole,warning,60016,2058563.97,817667,Manhole 60016 does not appear in FROMMH/TOMH and is 233.8 ft from the nearest pipe endpoint — genuinely disconnected or outside the mapped network.,
isolated_manhole,warning,60017,2041734.21,832781.52,Manhole 60017 does not appear in FROMMH/TOMH and is 807.7 ft from the nearest pipe endpoint — genuinely disconnected or outside the mapped network.,
isolated_manhole,warning,60018,2040956.6,830698.42,Manhole 60018 does not appear in FROMMH/TOMH and is 878.8 ft from the nearest pipe endpoint — genuinely disconnected or outside the mapped network.,
isolated_manhole,warning,60019,2047358.8,827704.84,Manhole 60019 does not appear in FROMMH/TOMH and is 383.7 ft from the nearest pipe endpoint — genuinely disconnected or outside the mapped network.,
isolated_manhole,warning,60020,2046815.12,822583.99,Manhole 60020 does not appear in FROMMH/TOMH and is 304.4 ft from the nearest pipe endpoint — genuinely disconnected or outside the mapped network.,
isolated_manhole,warning,60021,2047593.05,821754.79,Manhole 60021 does not appear in FROMMH/TOMH and is 1133.3 ft from the nearest pipe endpoint — genuinely disconnected or outside the mapped network.,
isolated_manhole,warning,60022,2016461.58,845478.34,Manhole 60022 does not appear in FROMMH/TOMH and is 82.1 ft from the nearest pipe endpoint — genuinely disconnected or outside the mapped network.,
isolated_manhole,warning,60023,2013211.3,841497.11,Manhole 60023 does not appear in FROMMH/TOMH and is 67.2 ft from the nearest pipe endpoint — genuinely disconnected or outside the mapped network.,
isolated_manhole,warning,60024,2012141.33,839353.49,Manhole 60024 does not appear in FROMMH/TOMH and is 1120.2 ft from the nearest pipe endpoint — genuinely disconnected or outside the mapped network.,
isolated_manhole,warning,60025,2035366.74,845098.86,Manhole 60025 does not appear in FROMMH/TOMH and is 212.7 ft from the nearest pipe endpoint — genuinely disconnected or outside the mapped network.,
isolated_manhole,warning,60027,2034447.53,845677.19,Manhole 60027 does not appear in FROMMH/TOMH and is 210.5 ft from the nearest pipe endpoint — genuinely disconnected or outside the mapped network.,
isolated_manhole,warning,60028,2039976.58,843741.47,Manhole 60028 does not appear in FROMMH/TOMH and is 754.4 ft from the nearest pipe endpoint — genuinely disconnected or outside the mapped network.,
isolated_manhole,warning,60029,2016933.81,846050.91,Manhole 60029 does not appear in FROMMH/TOMH and is 50.0 ft from the nearest pipe endpoint — genuinely disconnected or outside the mapped network.,
isolated_manhole,warning,60030,2024415.35,847131.34,Manhole 60030 does not appear in FROMMH/TOMH and is 15.3 ft from the nearest pipe endpoint — genuinely disconnected or outside the mapped network.,
isolated_manhole,warning,60031,2019742.02,846878.78,Manhole 60031 does not appear in FROMMH/TOMH and is 121.8 ft from the nearest pipe endpoint — genuinely disconnected or outside the mapped network.,
isolated_manhole,warning,60032,2018289.03,846905.8,Manhole 60032 does not appear in FROMMH/TOMH and is 111.6 ft from the nearest pipe endpoint — genuinely disconnected or outside the mapped network.,
isolated_manhole,warning,60033,2026747.57,846114.05,Manhole 60033 does not appear in FROMMH/TOMH and is 114.6 ft from the nearest pipe endpoint — genuinely disconnected or outside the mapped network.,
isolated_manhole,warning,60034,2036928.03,851149.32,Manhole 60034 does not appear in FROMMH/TOMH and is 616.2 ft from the nearest pipe endpoint — genuinely disconnected or outside the mapped network.,
isolated_manhole,warning,60035,2006078.81,784863.09,Manhole 60035 does not appear in FROMMH/TOMH and is 298.4 ft from the nearest pipe endpoint — genuinely disconnected or outside the mapped network.,
isolated_manhole,warning,60036,2005979.67,784077.46,Manhole 60036 does not appear in FROMMH/TOMH and is 152.2 ft from the nearest pipe endpoint — genuinely disconnected or outside the mapped network.,
isolated_manhole,warning,60037,2005472.53,783298.93,Manhole 60037 does not appear in FROMMH/TOMH and is 177.1 ft from the nearest pipe endpoint — genuinely disconnected or outside the mapped network.,
isolated_manhole,warning,60038,2005984.97,781808.26,Manhole 60038 does not appear in FROMMH/TOMH and is 73.4 ft from the nearest pipe endpoint — genuinely disconnected or outside the mapped network.,
isolated_manhole,warning,60039,2010471.04,777171.16,Manhole 60039 does not appear in FROMMH/TOMH and is 2001.1 ft from the nearest pipe endpoint — genuinely disconnected or outside the mapped network.,
isolated_manhole,warning,60040,2007091.19,804419.45,Manhole 60040 does not appear in FROMMH/TOMH and is 18.6 ft from the nearest pipe endpoint — genuinely disconnected or outside the mapped network.,
isolated_manhole,warning,60041,2007097.6,804403.52,Manhole 60041 does not appear in FROMMH/TOMH and is 31.8 ft from the nearest pipe endpoint — genuinely disconnected or outside the mapped network.,
isolated_manhole,warning,60042,2046975.54,827745.52,Manhole 60042 does not appear in FROMMH/TOMH and is 21.6 ft from the nearest pipe endpoint — genuinely disconnected or outside the mapped network.,
isolated_manhole,warning,60044,2038450.11,846653.39,Manhole 60044 does not appear in FROMMH/TOMH and is 2866.9 ft from the nearest pipe endpoint — genuinely disconnected or outside the mapped network.,
isolated_manhole,warning,60045,2037820.56,846411.69,Manhole 60045 does not appear in FROMMH/TOMH and is 2265.2 ft from the nearest pipe endpoint — genuinely disconnected or outside the mapped network.,
isolated_manhole,warning,60046,2037519.19,846469.53,Manhole 60046 does not appear in FROMMH/TOMH and is 2067.1 ft from the nearest pipe endpoint — genuinely disconnected or outside the mapped network.,
isolated_manhole,warning,60047,2046132.28,851479,Manhole 60047 does not appear in FROMMH/TOMH and is 30.5 ft from the nearest pipe endpoint — genuinely disconnected or outside the mapped network.,
isolated_manhole,warning,60048,2046986.9,827734.08,Manhole 60048 does not appear in FROMMH/TOMH and is 15.2 ft from the nearest pipe endpoint — genuinely disconnected or outside the mapped network.,
isolated_manhole,warning,60049,2047028.14,828224.19,Manhole 60049 does not appear in FROMMH/TOMH and is 503.1 ft from the nearest pipe endpoint — genuinely disconnected or outside the mapped network.,
isolated_manhole,warning,60050,2046425.92,828762.07,Manhole 60050 does not appear in FROMMH/TOMH and is 19.7 ft from the nearest pipe endpoint — genuinely disconnected or outside the mapped network.,
isolated_manhole,warning,60051,2062133.04,797382.95,Manhole 60051 does not appear in FROMMH/TOMH and is 236.7 ft from the nearest pipe endpoint — genuinely disconnected or outside the mapped network.,
isolated_manhole,warning,60052,2012490.96,837362.58,Manhole 60052 does not appear in FROMMH/TOMH and is 29.0 ft from the nearest pipe endpoint — genuinely disconnected or outside the mapped network.,
isolated_manhole,warning,60054,2059960.18,805122.81,Manhole 60054 does not appear in FROMMH/TOMH and is 152.8 ft from the nearest pipe endpoint — genuinely disconnected or outside the mapped network.,
isolated_manhole,warning,60056,2045093.74,852100.44,Manhole 60056 does not appear in FROMMH/TOMH and is 318.5 ft from the nearest pipe endpoint — genuinely disconnected or outside the mapped network.,
isolated_manhole,warning,60057,2027060.65,845297.15,Manhole 60057 does not appear in FROMMH/TOMH and is 48.7 ft from the nearest pipe endpoint — genuinely disconnected or outside the mapped network.,
isolated_manhole,warning,60058,2041418.43,853742.14,Manhole 60058 does not appear in FROMMH/TOMH and is 200.8 ft from the nearest pipe endpoint — genuinely disconnected or outside the mapped network.,
isolated_manhole,warning,60059,2040205.3,849244.33,Manhole 60059 does not appear in FROMMH/TOMH and is 3659.3 ft from the nearest pipe endpoint — genuinely disconnected or outside the mapped network.,
isolated_manhole,warning,60060,2039435.4,853492.89,Manhole 60060 does not appear in FROMMH/TOMH and is 371.2 ft from the nearest pipe endpoint — genuinely disconnected or outside the mapped network.,
isolated_manhole,warning,60061,2033175.81,846341.98,Manhole 60061 does not appear in FROMMH/TOMH and is 58.2 ft from the nearest pipe endpoint — genuinely disconnected or outside the mapped network.,
isolated_manhole,warning,60062,2033181.58,846333.13,Manhole 60062 does not appear in FROMMH/TOMH and is 63.0 ft from the nearest pipe endpoint — genuinely disconnected or outside the mapped network.,
isolated_manhole,warning,60063,2044848.61,826790.87,Manhole 60063 does not appear in FROMMH/TOMH and is 84.5 ft from the nearest pipe endpoint — genuinely disconnected or outside the mapped network.,
isolated_manhole,warning,60065,2013709.24,774176.66,Manhole 60065 does not appear in FROMMH/TOMH and is 100.3 ft from the nearest pipe endpoint — genuinely disconnected or outside the mapped network.,
isolated_manhole,warning,60067,2036853.42,838480.43,Manhole 60067 does not appear in FROMMH/TOMH and is 114.4 ft from the nearest pipe endpoint — genuinely disconnected or outside the mapped network.,
isolated_manhole,warning,60068,2006533.17,780242.29,Manhole 60068 does not appear in FROMMH/TOMH and is 56.5 ft from the nearest pipe endpoint — genuinely disconnected or outside the mapped network.,
isolated_manhole,warning,60069,2041022.19,859896.41,Manhole 60069 does not appear in FROMMH/TOMH and is 729.2 ft from the nearest pipe endpoint — genuinely disconnected or outside the mapped network.,
isolated_manhole,warning,60070,2056323.83,832079.07,Manhole 60070 does not appear in FROMMH/TOMH and is 224.1 ft from the nearest pipe endpoint — genuinely disconnected or outside the mapped network.,
isolated_manhole,warning,60071,2055608.49,831509.54,Manhole 60071 does not appear in FROMMH/TOMH and is 182.0 ft from the nearest pipe endpoint — genuinely disconnected or outside the mapped network.,
isolated_manhole,warning,60072,2053208.95,830197.06,Manhole 60072 does not appear in FROMMH/TOMH and is 497.1 ft from the nearest pipe endpoint — genuinely disconnected or outside the mapped network.,
isolated_manhole,warning,60073,2051883.13,829629.02,Manhole 60073 does not appear in FROMMH/TOMH and is 120.7 ft from the nearest pipe endpoint — genuinely disconnected or outside the mapped network.,
isolated_manhole,warning,60074,2051306.54,828848.53,Manhole 60074 does not appear in FROMMH/TOMH and is 172.0 ft from the nearest pipe endpoint — genuinely disconnected or outside the mapped network.,
isolated_manhole,warning,60075,2051164.29,828376.08,Manhole 60075 does not appear in FROMMH/TOMH and is 81.9 ft from the nearest pipe endpoint — genuinely disconnected or outside the mapped network.,
isolated_manhole,warning,60091,2038026.37,837000.42,Manhole 60091 does not appear in FROMMH/TOMH and is 840.3 ft from the nearest pipe endpoint — genuinely disconnected or outside the mapped network.,
isolated_manhole,warning,60092,2038403.55,836991.62,Manhole 60092 does not appear in FROMMH/TOMH and is 1032.3 ft from the nearest pipe endpoint — genuinely disconnected or outside the mapped network.,
isolated_manhole,warning,60093,2066531.07,791319.55,Manhole 60093 does not appear in FROMMH/TOMH and is 35.8 ft from the nearest pipe endpoint — genuinely disconnected or outside the mapped network.,
isolated_manhole,warning,60094,2065027.97,791946.62,Manhole 60094 does not appear in FROMMH/TOMH and is 180.5 ft from the nearest pipe endpoint — genuinely disconnected or outside the mapped network.,
isolated_manhole,warning,60095,2011704.73,777510.43,Manhole 60095 does not appear in FROMMH/TOMH and is 993.1 ft from the nearest pipe endpoint — genuinely disconnected or outside the mapped network.,
isolated_manhole,warning,60096,2007057.29,777546.75,Manhole 60096 does not appear in FROMMH/TOMH and is 1564.0 ft from the nearest pipe endpoint — genuinely disconnected or outside the mapped network.,
isolated_manhole,warning,60097,2011572.76,781887.78,"Manhole 60097 not found in FROMMH/TOMH attributes, but snaps to a pipe endpoint 4.0 ft away — likely an ID mismatch between the manholes layer and the pipes layer.",
isolated_manhole,warning,60098,2037747.54,837810.24,Manhole 60098 does not appear in FROMMH/TOMH and is 16.8 ft from the nearest pipe endpoint — genuinely disconnected or outside the mapped network.,
isolated_manhole,warning,60099,2037858.16,838378.01,Manhole 60099 does not appear in FROMMH/TOMH and is 29.8 ft from the nearest pipe endpoint — genuinely disconnected or outside the mapped network.,
isolated_manhole,warning,60100,2037129.36,838390.73,Manhole 60100 does not appear in FROMMH/TOMH and is 119.7 ft from the nearest pipe endpoint — genuinely disconnected or outside the mapped network.,
isolated_manhole,warning,60101,2013043.1,772337.96,Manhole 60101 does not appear in FROMMH/TOMH and is 52.5 ft from the nearest pipe endpoint — genuinely disconnected or outside the mapped network.,
isolated_manhole,warning,60102,2047030.7,833383.31,Manhole 60102 does not appear in FROMMH/TOMH and is 35.9 ft from the nearest pipe endpoint — genuinely disconnected or outside the mapped network.,
isolated_manhole,warning,60103,2049729.95,825770.47,Manhole 60103 does not appear in FROMMH/TOMH and is 160.2 ft from the nearest pipe endpoint — genuinely disconnected or outside the mapped network.,
isolated_manhole,warning,60104,2048090.87,825751.09,Manhole 60104 does not appear in FROMMH/TOMH and is 767.0 ft from the nearest pipe endpoint — genuinely disconnected or outside the mapped network.,
isolated_manhole,warning,60105,2047749.99,825858.03,Manhole 60105 does not appear in FROMMH/TOMH and is 423.2 ft from the nearest pipe endpoint — genuinely disconnected or outside the mapped network.,
isolated_manhole,warning,60109,2012528.02,778018.14,Manhole 60109 does not appear in FROMMH/TOMH and is 198.1 ft from the nearest pipe endpoint — genuinely disconnected or outside the mapped network.,
isolated_manhole,warning,60113,2046117.51,833564.56,Manhole 60113 does not appear in FROMMH/TOMH and is 82.2 ft from the nearest pipe endpoint — genuinely disconnected or outside the mapped network.,
isolated_manhole,warning,60171,2017434.93,801115.44,"Manhole 60171 not found in FROMMH/TOMH attributes, but snaps to a pipe endpoint 0.0 ft away — likely an ID mismatch between the manholes layer and the pipes layer.",
isolated_manhole,warning,2614,2040109.25,860374.26,Manhole 02614 does not appear in FROMMH/TOMH and is 65.1 ft from the nearest pipe endpoint — genuinely disconnected or outside the mapped network.,
isolated_manhole,warning,56431,2021972.76,846449.32,Manhole 56431 does not appear in FROMMH/TOMH and is 268.0 ft from the nearest pipe endpoint — genuinely disconnected or outside the mapped network.,
isolated_manhole,warning,58970,2062845.13,806657.01,"Manhole 58970 not found in FROMMH/TOMH attributes, but snaps to a pipe endpoint 0.0 ft away — likely an ID mismatch between the manholes layer and the pipes layer.",
isolated_manhole,warning,59217,2065139.8,806080.8,"Manhole 59217 not found in FROMMH/TOMH attributes, but snaps to a pipe endpoint 0.0 ft away — likely an ID mismatch between the manholes layer and the pipes layer.",
isolated_manhole,warning,59466,2057295.6,813910.75,Manhole 59466 does not appear in FROMMH/TOMH and is 190.6 ft from the nearest pipe endpoint — genuinely disconnected or outside the mapped network.,
isolated_manhole,warning,59771,2042905.63,797231.16,Manhole 59771 does not appear in FROMMH/TOMH and is 86.1 ft from the nearest pipe endpoint — genuinely disconnected or outside the mapped network.,
isolated_manhole,warning,60066,2057438.56,814176.2,Manhole 60066 does not appear in FROMMH/TOMH and is 20.2 ft from the nearest pipe endpoint — genuinely disconnected or outside the mapped network.,
isolated_manhole,warning,60077,2060487.14,813127.89,Manhole 60077 does not appear in FROMMH/TOMH and is 351.1 ft from the nearest pipe endpoint — genuinely disconnected or outside the mapped network.,
isolated_manhole,warning,60079,2059948.44,813565.76,Manhole 60079 does not appear in FROMMH/TOMH and is 213.2 ft from the nearest pipe endpoint — genuinely disconnected or outside the mapped network.,
isolated_manhole,warning,60080,2062925.38,811563.65,Manhole 60080 does not appear in FROMMH/TOMH and is 1410.1 ft from the nearest pipe endpoint — genuinely disconnected or outside the mapped network.,
isolated_manhole,warning,60081,2067539.16,808872.73,Manhole 60081 does not appear in FROMMH/TOMH and is 585.8 ft from the nearest pipe endpoint — genuinely disconnected or outside the mapped network.,
isolated_manhole,warning,60082,2064304.39,811752.52,Manhole 60082 does not appear in FROMMH/TOMH and is 596.8 ft from the nearest pipe endpoint — genuinely disconnected or outside the mapped network.,
isolated_manhole,warning,60083,2065502.39,811483.38,Manhole 60083 does not appear in FROMMH/TOMH and is 980.3 ft from the nearest pipe endpoint — genuinely disconnected or outside the mapped network.,
isolated_manhole,warning,60084,2065070.26,811656.54,Manhole 60084 does not appear in FROMMH/TOMH and is 899.0 ft from the nearest pipe endpoint — genuinely disconnected or outside the mapped network.,
isolated_manhole,warning,60085,2062300.25,811536.46,Manhole 60085 does not appear in FROMMH/TOMH and is 1283.8 ft from the nearest pipe endpoint — genuinely disconnected or outside the mapped network.,
isolated_manhole,warning,60086,2065717,811148.92,Manhole 60086 does not appear in FROMMH/TOMH and is 650.4 ft from the nearest pipe endpoint — genuinely disconnected or outside the mapped network.,
isolated_manhole,warning,60087,2066456.95,810412.66,Manhole 60087 does not appear in FROMMH/TOMH and is 844.1 ft from the nearest pipe endpoint — genuinely disconnected or outside the mapped network.,
isolated_manhole,warning,60088,2067128.39,809894.58,Manhole 60088 does not appear in FROMMH/TOMH and is 1439.0 ft from the nearest pipe endpoint — genuinely disconnected or outside the mapped network.,
isolated_manhole,warning,60089,2058124.04,813688.92,Manhole 60089 does not appear in FROMMH/TOMH and is 297.4 ft from the nearest pipe endpoint — genuinely disconnected or outside the mapped network.,
isolated_manhole,warning,60090,2063557.05,811633.77,Manhole 60090 does not appear in FROMMH/TOMH and is 863.0 ft from the nearest pipe endpoint — genuinely disconnected or outside the mapped network.,
isolated_manhole,warning,60107,2021417.63,846804.2,Manhole 60107 does not appear in FROMMH/TOMH and is 619.9 ft from the nearest pipe endpoint — genuinely disconnected or outside the mapped network.,
isolated_manhole,warning,60108,2022550.12,847382.47,Manhole 60108 does not appear in FROMMH/TOMH and is 48.8 ft from the nearest pipe endpoint — genuinely disconnected or outside the mapped network.,
isolated_manhole,warning,60168,2005590.03,779493.93,Manhole 60168 does not appear in FROMMH/TOMH and is 287.4 ft from the nearest pipe endpoint — genuinely disconnected or outside the mapped network.,
isolated_manhole,warning,60173,2005837.51,780543.32,Manhole 60173 does not appear in FROMMH/TOMH and is 170.3 ft from the nearest pipe endpoint — genuinely disconnected or outside the mapped network.,
isolated_manhole,warning,60190,2017493.03,801208.4,"Manhole 60190 not found in FROMMH/TOMH attributes, but snaps to a pipe endpoint 0.0 ft away — likely an ID mismatch between the manholes layer and the pipes layer.",
isolated_manhole,warning,2429,2040344.78,858890.07,"Manhole 02429 not found in FROMMH/TOMH attributes, but snaps to a pipe endpoint 0.0 ft away — likely an ID mismatch between the manholes layer and the pipes layer.",
isolated_manhole,warning,57006,2000197.2,782847.6,Manhole 57006 does not appear in FROMMH/TOMH and is 202.6 ft from the nearest pipe endpoint — genuinely disconnected or outside the mapped network.,
isolated_manhole,warning,57007,2000292.47,781973.09,Manhole 57007 does not appear in FROMMH/TOMH and is 148.0 ft from the nearest pipe endpoint — genuinely disconnected or outside the mapped network.,
isolated_manhole,warning,60043,2039942.24,849817.85,Manhole 60043 does not appear in FROMMH/TOMH and is 3070.7 ft from the nearest pipe endpoint — genuinely disconnected or outside the mapped network.,
isolated_manhole,warning,51024,2034195.7,784962.3,Manhole 51024 does not appear in FROMMH/TOMH and is 500.3 ft from the nearest pipe endpoint — genuinely disconnected or outside the mapped network.,
isolated_manhole,warning,60053,2055316.32,800859.17,Manhole 60053 does not appear in FROMMH/TOMH and is 278.4 ft from the nearest pipe endpoint — genuinely disconnected or outside the mapped network.,
isolated_manhole,warning,60055,2059345.32,805192.15,Manhole 60055 does not appear in FROMMH/TOMH and is 37.2 ft from the nearest pipe endpoint — genuinely disconnected or outside the mapped network.,
isolated_manhole,warning,57106,2043738.79,825558.77,Manhole 57106 does not appear in FROMMH/TOMH and is 294.6 ft from the nearest pipe endpoint — genuinely disconnected or outside the mapped network.,
isolated_manhole,warning,57107,2044581.88,825137.95,Manhole 57107 does not appear in FROMMH/TOMH and is 541.5 ft from the nearest pipe endpoint — genuinely disconnected or outside the mapped network.,
isolated_manhole,warning,57108,2045039.81,824499.52,Manhole 57108 does not appear in FROMMH/TOMH and is 749.0 ft from the nearest pipe endpoint — genuinely disconnected or outside the mapped network.,
isolated_manhole,warning,57109,2046039.33,823284.17,Manhole 57109 does not appear in FROMMH/TOMH and is 79.6 ft from the nearest pipe endpoint — genuinely disconnected or outside the mapped network.,
isolated_manhole,warning,57110,2042094.76,828561.27,Manhole 57110 does not appear in FROMMH/TOMH and is 252.1 ft from the nearest pipe endpoint — genuinely disconnected or outside the mapped network.,
isolated_manhole,warning,60076,2061672.28,811387.82,Manhole 60076 does not appear in FROMMH/TOMH and is 823.7 ft from the nearest pipe endpoint — genuinely disconnected or outside the mapped network.,
isolated_manhole,warning,60078,2060784.25,812533.13,Manhole 60078 does not appear in FROMMH/TOMH and is 453.9 ft from the nearest pipe endpoint — genuinely disconnected or outside the mapped network.,
isolated_manhole,warning,24855,2030695.54,836019.79,"Manhole 24855 not found in FROMMH/TOMH attributes, but snaps to a pipe endpoint 0.0 ft away — likely an ID mismatch between the manholes layer and the pipes layer.",
isolated_manhole,warning,59989,2002280.85,778418.86,Manhole 59989 does not appear in FROMMH/TOMH and is 427.6 ft from the nearest pipe endpoint — genuinely disconnected or outside the mapped network.,
isolated_manhole,warning,59990,2000574.45,779114.47,Manhole 59990 does not appear in FROMMH/TOMH and is 503.0 ft from the nearest pipe endpoint — genuinely disconnected or outside the mapped network.,
isolated_manhole,warning,60448,2027713.98,832488.87,Manhole 60448 does not appear in FROMMH/TOMH and is 121.9 ft from the nearest pipe endpoint — genuinely disconnected or outside the mapped network.,
isolated_manhole,warning,60526,2039735.9,853805.15,Manhole 60526 does not appear in FROMMH/TOMH and is 76.4 ft from the nearest pipe endpoint — genuinely disconnected or outside the mapped network.,
isolated_manhole,warning,60520,2024589.31,836940.46,"Manhole 60520 not found in FROMMH/TOMH attributes, but snaps to a pipe endpoint 0.0 ft away — likely an ID mismatch between the manholes layer and the pipes layer.",
isolated_manhole,warning,60518,2024950.25,837050.04,"Manhole 60518 not found in FROMMH/TOMH attributes, but snaps to a pipe endpoint 0.0 ft away — likely an ID mismatch between the manholes layer and the pipes layer.",
isolated_manhole,warning,60553,2006220.63,798160.15,Manhole 60553 does not appear in FROMMH/TOMH and is 86.2 ft from the nearest pipe endpoint — genuinely disconnected or outside the mapped network.,
isolated_manhole,warning,60762,2008024.8,805317.25,Manhole 60762 does not appear in FROMMH/TOMH and is 107.8 ft from the nearest pipe endpoint — genuinely disconnected or outside the mapped network.,
isolated_manhole,warning,60774,2044795.09,821430.55,"Manhole 60774 not found in FROMMH/TOMH attributes, but snaps to a pipe endpoint 0.0 ft away — likely an ID mismatch between the manholes layer and the pipes layer.",
isolated_manhole,warning,21981,2044544.61,822140.72,"Manhole 21981 not found in FROMMH/TOMH attributes, but snaps to a pipe endpoint 0.0 ft away — likely an ID mismatch between the manholes layer and the pipes layer.",
isolated_manhole,warning,60775,2044490.56,821580.69,"Manhole 60775 not found in FROMMH/TOMH attributes, but snaps to a pipe endpoint 0.0 ft away — likely an ID mismatch between the manholes layer and the pipes layer.",
isolated_manhole,warning,60945,2051354.71,779227.21,Manhole 60945 does not appear in FROMMH/TOMH and is 14965.7 ft from the nearest pipe endpoint — genuinely disconnected or outside the mapped network.,
isolated_manhole,warning,60946,2051341.31,779242.05,Manhole 60946 does not appear in FROMMH/TOMH and is 14965.7 ft from the nearest pipe endpoint — genuinely disconnected or outside the mapped network.,
isolated_manhole,warning,61114,2031056.31,802262.16,"Manhole 61114 not found in FROMMH/TOMH attributes, but snaps to a pipe endpoint 0.0 ft away — likely an ID mismatch between the manholes layer and the pipes layer.",
isolated_manhole,warning,61173,2029287.69,836695.93,"Manhole 61173 not found in FROMMH/TOMH attributes, but snaps to a pipe endpoint 0.0 ft away — likely an ID mismatch between the manholes layer and the pipes layer.",
isolated_manhole,warning,61170,2003638.85,791683.11,"Manhole 61170 not found in FROMMH/TOMH attributes, but snaps to a pipe endpoint 0.0 ft away — likely an ID mismatch between the manholes layer and the pipes layer.",
isolated_manhole,warning,61154,2003506.51,791755.27,"Manhole 61154 not found in FROMMH/TOMH attributes, but snaps to a pipe endpoint 0.0 ft away — likely an ID mismatch between the manholes layer and the pipes layer.",
isolated_manhole,warning,61168,2003581.84,791735.69,"Manhole 61168 not found in FROMMH/TOMH attributes, but snaps to a pipe endpoint 0.0 ft away — likely an ID mismatch between the manholes layer and the pipes layer.",
isolated_manhole,warning,61382,2031750.54,826149.79,"Manhole 61382 not found in FROMMH/TOMH attributes, but snaps to a pipe endpoint 0.0 ft away — likely an ID mismatch between the manholes layer and the pipes layer.",
isolated_manhole,warning,61397,2029232.34,820010.49,Manhole 61397 does not appear in FROMMH/TOMH and is 24.0 ft from the nearest pipe endpoint — genuinely disconnected or outside the mapped network.,
isolated_manhole,warning,61396,2029548.38,820048.77,Manhole 61396 does not appear in FROMMH/TOMH and is 12.2 ft from the nearest pipe endpoint — genuinely disconnected or outside the mapped network.,
isolated_manhole,warning,61416,2069903.9,812585.7,Manhole 61416 does not appear in FROMMH/TOMH and is 4760.0 ft from the nearest pipe endpoint — genuinely disconnected or outside the mapped network.,
isolated_manhole,warning,61450,2069908.85,812548.69,Manhole 61450 does not appear in FROMMH/TOMH and is 4729.2 ft from the nearest pipe endpoint — genuinely disconnected or outside the mapped network.,
isolated_manhole,warning,61537,2021722.06,811382.58,Manhole 61537 does not appear in FROMMH/TOMH and is 84.5 ft from the nearest pipe endpoint — genuinely disconnected or outside the mapped network.,
isolated_manhole,warning,61535,2021721.2,811376.08,Manhole 61535 does not appear in FROMMH/TOMH and is 87.7 ft from the nearest pipe endpoint — genuinely disconnected or outside the mapped network.,
isolated_manhole,warning,61536,2021721.81,811379.28,Manhole 61536 does not appear in FROMMH/TOMH and is 85.9 ft from the nearest pipe endpoint — genuinely disconnected or outside the mapped network.,
isolated_manhole,warning,61545,2030377.61,781509.59,Manhole 61545 does not appear in FROMMH/TOMH and is 192.1 ft from the nearest pipe endpoint — genuinely disconnected or outside the mapped network.,
isolated_manhole,warning,61546,2030422.39,781438.07,Manhole 61546 does not appear in FROMMH/TOMH and is 107.8 ft from the nearest pipe endpoint — genuinely disconnected or outside the mapped network.,
isolated_manhole,warning,61654,2067208.86,811370.1,Manhole 61654 does not appear in FROMMH/TOMH and is 1821.6 ft from the nearest pipe endpoint — genuinely disconnected or outside the mapped network.,
isolated_manhole,warning,61718,2065051.74,790580.2,"Manhole 61718 not found in FROMMH/TOMH attributes, but snaps to a pipe endpoint 0.0 ft away — likely an ID mismatch between the manholes layer and the pipes layer.",
isolated_manhole,warning,61733,2047015.75,833336.1,"Manhole 61733 not found in FROMMH/TOMH attributes, but snaps to a pipe endpoint 0.0 ft away — likely an ID mismatch between the manholes layer and the pipes layer.",
isolated_manhole,warning,61711,2039882.09,853787.74,"Manhole 61711 not found in FROMMH/TOMH attributes, but snaps to a pipe endpoint 0.0 ft away — likely an ID mismatch between the manholes layer and the pipes layer.",
isolated_manhole,warning,61730,2038461.14,830727.62,"Manhole 61730 not found in FROMMH/TOMH attributes, but snaps to a pipe endpoint 0.0 ft away — likely an ID mismatch between the manholes layer and the pipes layer.",
isolated_manhole,warning,61716,2040346.69,809756.13,"Manhole 61716 not found in FROMMH/TOMH attributes, but snaps to a pipe endpoint 0.0 ft away — likely an ID mismatch between the manholes layer and the pipes layer.",
isolated_manhole,warning,61712,2059291.59,820526.74,"Manhole 61712 not found in FROMMH/TOMH attributes, but snaps to a pipe endpoint 0.0 ft away — likely an ID mismatch between the manholes layer and the pipes layer.",
isolated_manhole,warning,61701,2026821,851943,"Manhole 61701 not found in FROMMH/TOMH attributes, but snaps to a pipe endpoint 0.0 ft away — likely an ID mismatch between the manholes layer and the pipes layer.",
isolated_manhole,warning,61694,2012503.57,842506.56,"Manhole 61694 not found in FROMMH/TOMH attributes, but snaps to a pipe endpoint 0.0 ft away — likely an ID mismatch between the manholes layer and the pipes layer.",
isolated_manhole,warning,61703,2049384.85,853283.32,"Manhole 61703 not found in FROMMH/TOMH attributes, but snaps to a pipe endpoint 0.0 ft away — likely an ID mismatch between the manholes layer and the pipes layer.",
isolated_manhole,warning,61720,2067160.37,790638.05,"Manhole 61720 not found in FROMMH/TOMH attributes, but snaps to a pipe endpoint 0.0 ft away — likely an ID mismatch between the manholes layer and the pipes layer.",
isolated_manhole,warning,61705,2042080.78,860562.7,"Manhole 61705 not found in FROMMH/TOMH attributes, but snaps to a pipe endpoint 0.0 ft away — likely an ID mismatch between the manholes layer and the pipes layer.",
isolated_manhole,warning,61719,2061953.66,801471.48,"Manhole 61719 not found in FROMMH/TOMH attributes, but snaps to a pipe endpoint 0.0 ft away — likely an ID mismatch between the manholes layer and the pipes layer.",
isolated_manhole,warning,61693,2015595.46,845055.63,"Manhole 61693 not found in FROMMH/TOMH attributes, but snaps to a pipe endpoint 0.0 ft away — likely an ID mismatch between the manholes layer and the pipes layer.",
isolated_manhole,warning,61687,2012249.42,837371.79,"Manhole 61687 not found in FROMMH/TOMH attributes, but snaps to a pipe endpoint 0.0 ft away — likely an ID mismatch between the manholes layer and the pipes layer.",
isolated_manhole,warning,61697,2022526.36,845050.34,"Manhole 61697 not found in FROMMH/TOMH attributes, but snaps to a pipe endpoint 0.0 ft away — likely an ID mismatch between the manholes layer and the pipes layer.",
isolated_manhole,warning,61731,2026771.67,825817.33,"Manhole 61731 not found in FROMMH/TOMH attributes, but snaps to a pipe endpoint 0.0 ft away — likely an ID mismatch between the manholes layer and the pipes layer.",
isolated_manhole,warning,61700,2019629.14,845217.31,"Manhole 61700 not found in FROMMH/TOMH attributes, but snaps to a pipe endpoint 0.0 ft away — likely an ID mismatch between the manholes layer and the pipes layer.",
isolated_manhole,warning,61723,2003985.23,829646.28,"Manhole 61723 not found in FROMMH/TOMH attributes, but snaps to a pipe endpoint 0.0 ft away — likely an ID mismatch between the manholes layer and the pipes layer.",
isolated_manhole,warning,61707,2008138.03,843859.77,"Manhole 61707 not found in FROMMH/TOMH attributes, but snaps to a pipe endpoint 0.0 ft away — likely an ID mismatch between the manholes layer and the pipes layer.",
isolated_manhole,warning,61702,2037011.09,852077.03,"Manhole 61702 not found in FROMMH/TOMH attributes, but snaps to a pipe endpoint 0.0 ft away — likely an ID mismatch between the manholes layer and the pipes layer.",
isolated_manhole,warning,61714,2047198.64,802985.39,"Manhole 61714 not found in FROMMH/TOMH attributes, but snaps to a pipe endpoint 0.0 ft away — likely an ID mismatch between the manholes layer and the pipes layer.",
isolated_manhole,warning,61727,2044243.75,836144.77,"Manhole 61727 not found in FROMMH/TOMH attributes, but snaps to a pipe endpoint 0.0 ft away — likely an ID mismatch between the manholes layer and the pipes layer.",
isolated_manhole,warning,61725,2057148.52,832474.66,"Manhole 61725 not found in FROMMH/TOMH attributes, but snaps to a pipe endpoint 0.0 ft away — likely an ID mismatch between the manholes layer and the pipes layer.",
isolated_manhole,warning,61729,2045468.93,829315.53,"Manhole 61729 not found in FROMMH/TOMH attributes, but snaps to a pipe endpoint 0.0 ft away — likely an ID mismatch between the manholes layer and the pipes layer.",
isolated_manhole,warning,61706,2033171.47,846348.86,Manhole 61706 does not appear in FROMMH/TOMH and is 55.4 ft from the nearest pipe endpoint — genuinely disconnected or outside the mapped network.,
isolated_manhole,warning,61692,2003765.56,834567.51,"Manhole 61692 not found in FROMMH/TOMH attributes, but snaps to a pipe endpoint 0.0 ft away — likely an ID mismatch between the manholes layer and the pipes layer.",
isolated_manhole,warning,61689,2010198.27,840090.79,"Manhole 61689 not found in FROMMH/TOMH attributes, but snaps to a pipe endpoint 0.0 ft away — likely an ID mismatch between the manholes layer and the pipes layer.",
isolated_manhole,warning,61721,2067522.8,807987.69,"Manhole 61721 not found in FROMMH/TOMH attributes, but snaps to a pipe endpoint 0.0 ft away — likely an ID mismatch between the manholes layer and the pipes layer.",
isolated_manhole,warning,61699,2040432.06,844581.96,"Manhole 61699 not found in FROMMH/TOMH attributes, but snaps to a pipe endpoint 0.0 ft away — likely an ID mismatch between the manholes layer and the pipes layer.",
isolated_manhole,warning,61704,2046162.06,851485.74,"Manhole 61704 not found in FROMMH/TOMH attributes, but snaps to a pipe endpoint 0.0 ft away — likely an ID mismatch between the manholes layer and the pipes layer.",
isolated_manhole,warning,61726,2046542.29,836310.24,"Manhole 61726 not found in FROMMH/TOMH attributes, but snaps to a pipe endpoint 0.0 ft away — likely an ID mismatch between the manholes layer and the pipes layer.",
isolated_manhole,warning,61717,2061765.44,790638.13,"Manhole 61717 not found in FROMMH/TOMH attributes, but snaps to a pipe endpoint 0.0 ft away — likely an ID mismatch between the manholes layer and the pipes layer.",
isolated_manhole,warning,61722,2059724.63,824983,"Manhole 61722 not found in FROMMH/TOMH attributes, but snaps to a pipe endpoint 0.0 ft away — likely an ID mismatch between the manholes layer and the pipes layer.",
isolated_manhole,warning,61713,2057479.37,814221.89,"Manhole 61713 not found in FROMMH/TOMH attributes, but snaps to a pipe endpoint 0.0 ft away — likely an ID mismatch between the manholes layer and the pipes layer.",
isolated_manhole,warning,61698,2020476.9,844229.24,"Manhole 61698 not found in FROMMH/TOMH attributes, but snaps to a pipe endpoint 0.0 ft away — likely an ID mismatch between the manholes layer and the pipes layer.",
isolated_manhole,warning,61696,2012006.28,843548.58,"Manhole 61696 not found in FROMMH/TOMH attributes, but snaps to a pipe endpoint 0.0 ft away — likely an ID mismatch between the manholes layer and the pipes layer.",
isolated_manhole,warning,61695,2014959.9,843796.07,"Manhole 61695 not found in FROMMH/TOMH attributes, but snaps to a pipe endpoint 0.0 ft away — likely an ID mismatch between the manholes layer and the pipes layer.",
isolated_manhole,warning,61732,2058241.07,827018.98,"Manhole 61732 not found in FROMMH/TOMH attributes, but snaps to a pipe endpoint 0.0 ft away — likely an ID mismatch between the manholes layer and the pipes layer.",
isolated_manhole,warning,61794,2006875.99,780440.19,"Manhole 61794 not found in FROMMH/TOMH attributes, but snaps to a pipe endpoint 0.0 ft away — likely an ID mismatch between the manholes layer and the pipes layer.",
isolated_manhole,warning,61793,2001400.88,780224.22,"Manhole 61793 not found in FROMMH/TOMH attributes, but snaps to a pipe endpoint 0.0 ft away — likely an ID mismatch between the manholes layer and the pipes layer.",
isolated_manhole,warning,61800,2011035.25,781979.25,"Manhole 61800 not found in FROMMH/TOMH attributes, but snaps to a pipe endpoint 0.0 ft away — likely an ID mismatch between the manholes layer and the pipes layer.",
isolated_manhole,warning,61797,2002904.58,777910.95,"Manhole 61797 not found in FROMMH/TOMH attributes, but snaps to a pipe endpoint 0.0 ft away — likely an ID mismatch between the manholes layer and the pipes layer.",
isolated_manhole,warning,61798,2026230.54,774541.4,"Manhole 61798 not found in FROMMH/TOMH attributes, but snaps to a pipe endpoint 0.0 ft away — likely an ID mismatch between the manholes layer and the pipes layer.",
isolated_manhole,warning,61801,2005161.11,798407.24,"Manhole 61801 not found in FROMMH/TOMH attributes, but snaps to a pipe endpoint 0.0 ft away — likely an ID mismatch between the manholes layer and the pipes layer.",
isolated_manhole,warning,61791,2001474.06,812885.28,"Manhole 61791 not found in FROMMH/TOMH attributes, but snaps to a pipe endpoint 0.0 ft away — likely an ID mismatch between the manholes layer and the pipes layer.",
isolated_manhole,warning,61799,2025799.28,775348.36,"Manhole 61799 not found in FROMMH/TOMH attributes, but snaps to a pipe endpoint 0.0 ft away — likely an ID mismatch between the manholes layer and the pipes layer.",
isolated_manhole,warning,61795,2019284.73,773553.73,Manhole 61795 does not appear in FROMMH/TOMH and is 174.3 ft from the nearest pipe endpoint — genuinely disconnected or outside the mapped network.,
isolated_manhole,warning,61792,2028934.78,774648.39,"Manhole 61792 not found in FROMMH/TOMH attributes, but snaps to a pipe endpoint 0.0 ft away — likely an ID mismatch between the manholes layer and the pipes layer.",
